"","celltype"
"aacikmoi-1","Platelet"
"aaclocip-1","Erythroid"
"aadehbne-1","Erythroid"
"aadffpkh-1","MonoCD14"
"aadpnplk-1","pDC"
"aaeklglo-1","Erythroid"
"aaffjcpa-1","Erythroid"
"aafhhfjl-1","Erythroid"
"aagdddei-1","Erythroid"
"aahnndjb-1","Erythroid"
"aajddpii-1","Erythroid"
"aalabebf-1","Erythroid"
"aamabeah-1","Erythroid"
"aamajepc-1","Erythroid"
"aamajhpf-1","Erythroid"
"aanmajji-1","Erythroid"
"aanohfhk-1","Erythroid"
"aaocggoh-1","HSC"
"abakoiep-1","Erythroid"
"abbaiklg-1","Erythroid"
"abdegecl-1","Erythroid"
"abdpcbfl-1","Erythroid"
"abebbdhn-1","B_progenitor"
"abefhekl-1","Erythroid"
"abefkkik-1","Erythroid"
"abgfhmpm-1","Erythroid"
"abgibncl-1","Platelet"
"abheokjf-1","Erythroid"
"abjbeeel-1","Granulocyte_monocyte_progenitor"
"abjpfipe-1","Erythroid"
"abjpmahi-1","Platelet"
"abkdbgjp-1","Plasma_cell"
"abkdkalg-1","Erythroid"
"abkgibag-1","Erythroid"
"abkgopbi-1","Erythroid"
"ablbefed-1","Erythroid"
"ablgonmm-1","Erythroid"
"ablifckl-1","Erythroid"
"abliloeb-1","Erythroid"
"ablimjca-1","Erythroid"
"ablkjced-1","B_progenitor"
"ablkjlgk-1","Granulocyte_monocyte_progenitor"
"abmidnjc-1","Erythroid"
"abmiheeh-1","Erythroid"
"abmjdbmf-1","Erythroid"
"abmmbbin-1","Erythroid"
"abmmkkii-1","Erythroid"
"abmnfffn-1","Erythroid"
"abmobcdm-1","Erythroid"
"abngmgff-1","HSC"
"abniejeo-1","Erythroid"
"abnifpic-1","Erythroid"
"abnkbjlc-1","Erythroid"
"abojiici-1","Erythroid"
"abojodle-1","Erythroid"
"abokbpjo-1","Erythroid"
"abokmcbf-1","Erythroid"
"acaiccmi-1","Erythroid"
"acbcpdga-1","Erythroid"
"acbonakh-1","Erythroid"
"accmemcn-1","B_progenitor"
"accmlhdm-1","Erythroid"
"acekemfm-1","Erythroid"
"acelclbb-1","Plasma_cell"
"acfdbkgf-1","Erythroid"
"acfgkghk-1","Erythroid"
"acgkibon-1","Erythroid"
"acgkollm-1","Erythroid"
"achdjlen-1","Erythroid"
"achnkifn-1","Erythroid"
"achnmagp-1","Erythroid"
"achongbf-1","Erythroid"
"achpkjmm-1","Erythroid"
"acidbmhj-1","Erythroid"
"acihpbli-1","Granulocyte_monocyte_progenitor"
"aciljdob-1","Erythroid"
"acjlanpm-1","Granulocyte_monocyte_progenitor"
"ackngemf-1","Platelet"
"aclhepfb-1","Erythroid"
"acmalkch-1","Granulocyte_monocyte_progenitor"
"acnklejc-1","Erythroid"
"acnompca-1","Erythroid"
"acnpghil-1","Erythroid"
"acodcofo-1","Erythroid"
"acohhjoe-1","Platelet"
"acolkfdj-1","Erythroid"
"aconcgpf-1","Erythroid"
"acpfpjia-1","Erythroid"
"acpgamea-1","Erythroid"
"adangbde-1","Erythroid"
"adboilkp-1","HSC"
"adcnjkmm-1","Erythroid"
"adenhjaj-1","Erythroid"
"adfamjhl-1","Erythroid"
"adfdabgg-1","Erythroid"
"adfdchmh-1","Erythroid"
"adflhfek-1","Erythroid"
"adfllpll-1","Erythroid"
"adhfbkpk-1","Erythroid"
"adiceaan-1","Erythroid"
"adicffaa-1","Erythroid"
"adiehhdj-1","Erythroid"
"adifblcj-1","Erythroid"
"adjbhobp-1","Erythroid"
"adjealjl-1","Erythroid"
"adjmoipj-1","Granulocyte_monocyte_progenitor"
"adkkhpdk-1","Erythroid"
"adklichk-1","Erythroid"
"adkmnaff-1","Erythroid"
"adnkpgdk-1","CD4_T_naive"
"aecnmbjd-1","Erythroid"
"aecnnfgf-1","Erythroid"
"aegdkmbb-1","Erythroid"
"aehiickd-1","Erythroid"
"aehmkdbi-1","Erythroid"
"aeilelmb-1","Erythroid"
"aekpelee-1","Erythroid"
"aelcjncg-1","Erythroid"
"aeobpkao-1","Erythroid"
"afcinmgo-1","Erythroid"
"afefemdb-1","Erythroid"
"afghjnjp-1","Platelet"
"afmcpohc-1","Erythroid"
"afmjklpa-1","Erythroid"
"afoblaep-1","Erythroid"
"afoohmkj-1","Erythroid"
"agiikegm-1","Erythroid"
"aglchifj-1","Erythroid"
"aglhhicc-1","Erythroid"
"agmjaadk-1","Erythroid"
"agmmkoim-1","Erythroid"
"agojgldg-1","Erythroid"
"ahapbkhi-1","Erythroid"
"ahapclbb-1","Erythroid"
"ahegamib-1","Erythroid"
"ahhbhlgc-1","Erythroid"
"ahhdebkg-1","Erythroid"
"ainodadk-1","Erythroid"
"ajabfkch-1","Erythroid"
"ajaclbae-1","Erythroid"
"ajaflalp-1","B_progenitor"
"ajahnlao-1","Erythroid"
"ajaihmpn-1","Erythroid"
"ajdaomjp-1","Erythroid"
"ajdhecif-1","Erythroid"
"ajidcjej-1","Erythroid"
"ajjmhcih-1","Erythroid"
"akfnmkpn-1","HSC"
"akgciokm-1","Erythroid"
"akhalmnf-1","Erythroid"
"akhhbmnp-1","Erythroid"
"akhnpckp-1","Erythroid"
"akjalhlf-1","Erythroid"
"akjbfifl-1","Platelet"
"akjchiio-1","Erythroid"
"akjdmhjk-1","Erythroid"
"akjfbcgj-1","Erythroid"
"akjiclag-1","Erythroid"
"aklnhfho-1","Erythroid"
"akmfohom-1","Erythroid"
"akmfomof-1","Erythroid"
"akmgbgbd-1","MonoCD14"
"akmlnpee-1","MonoCD14"
"akmocdoc-1","Erythroid"
"aknbegbe-1","Erythroid"
"akncadhg-1","Erythroid"
"aknncebk-1","Erythroid"
"akolmkoj-1","Erythroid"
"akonadgm-1","Erythroid"
"akoplogd-1","Erythroid"
"akpajebb-1","Erythroid"
"alamcdce-1","Erythroid"
"alanmcdn-1","Erythroid"
"alaphmhl-1","Erythroid"
"albaflmn-1","Erythroid"
"albcidnd-1","Erythroid"
"albcjbag-1","Erythroid"
"albnipcd-1","Erythroid"
"albodhkf-1","Erythroid"
"alcfggan-1","Erythroid"
"alhdbdfk-1","Erythroid"
"alkkgnfj-1","Erythroid"
"amciekcf-1","Erythroid"
"ameeodfm-1","Erythroid"
"amgmaoii-1","Erythroid"
"ampoelpa-1","Erythroid"
"anaajjaj-1","Erythroid"
"anajdach-1","Erythroid"
"analabho-1","Erythroid"
"analipnk-1","Erythroid"
"anamdgbc-1","Erythroid"
"anamkihf-1","Erythroid"
"anaokhad-1","Erythroid"
"anapfecn-1","Erythroid"
"anbcgkej-1","Erythroid"
"anbgojbd-1","Erythroid"
"anbhihlb-1","Erythroid"
"anbhodkl-1","Erythroid"
"anbpkmhg-1","Erythroid"
"ancfckgf-1","Erythroid"
"ancffhjn-1","Erythroid"
"anchlcbj-1","Erythroid"
"andacoob-1","Erythroid"
"andgiidd-1","Erythroid"
"aneahpog-1","Erythroid"
"anfgbaik-1","Erythroid"
"angjecgc-1","Granulocyte_monocyte_progenitor"
"anglphje-1","Erythroid"
"angnefkl-1","Erythroid"
"anhajibj-1","Erythroid"
"anhblgfe-1","Erythroid"
"anhddigi-1","Erythroid"
"anhehcgk-1","Erythroid"
"anhfphcn-1","Erythroid"
"anhjjdfi-1","Erythroid"
"anhoeadh-1","Erythroid"
"anibajmc-1","Erythroid"
"aniehogg-1","Erythroid"
"anikjgln-1","Granulocyte_monocyte_progenitor"
"anioojlf-1","Erythroid"
"anjckafb-1","Erythroid"
"anjclhdg-1","Erythroid"
"anjdmfaf-1","Erythroid"
"anjjbool-1","Erythroid"
"anjmeebp-1","Erythroid"
"anjnlfom-1","HSC"
"anjnoaac-1","Erythroid"
"anjobhhi-1","Erythroid"
"anjofeje-1","Erythroid"
"anjpifpo-1","Erythroid"
"ankcihgo-1","Erythroid"
"ankjdelg-1","Erythroid"
"ankkdhdi-1","Erythroid"
"ankmhcbo-1","Erythroid"
"ankmlmhk-1","Erythroid"
"ankpdgcl-1","Erythroid"
"ankpnpie-1","Erythroid"
"ankpodcj-1","Erythroid"
"anlccefo-1","Erythroid"
"anlcmhco-1","Erythroid"
"anlnopgi-1","Erythroid"
"anlookod-1","MonoCD14"
"anlpgkbo-1","Erythroid"
"anmbpnje-1","B_progenitor"
"anmkdcka-1","Erythroid"
"anmkncjo-1","Erythroid"
"anmlehdh-1","Erythroid"
"anoakccm-1","Erythroid"
"anobijof-1","Erythroid"
"anocgodn-1","Erythroid"
"anoddhnf-1","Erythroid"
"anohepon-1","B_progenitor"
"anolcpak-1","Erythroid"
"anonbopj-1","Erythroid"
"anppjnhe-1","Erythroid"
"aoabmooh-1","Erythroid"
"aocdmaej-1","Erythroid"
"aocfoihc-1","Erythroid"
"aochngek-1","Erythroid"
"aockcdod-1","Erythroid"
"aoclilal-1","Erythroid"
"aocpikga-1","Erythroid"
"aodjbgkk-1","HSC"
"aodlaheh-1","Erythroid"
"aoehhndm-1","Erythroid"
"aoehmffi-1","Erythroid"
"aofcmbfk-1","Erythroid"
"aofekalg-1","Erythroid"
"aofffgjo-1","Erythroid"
"aoffgaim-1","Erythroid"
"aoflbfce-1","Erythroid"
"aogljdbb-1","Erythroid"
"aojlgbkb-1","Erythroid"
"aokaiclh-1","Erythroid"
"aokhanii-1","Erythroid"
"aokhfnhn-1","Erythroid"
"aokjfppn-1","HSC"
"aokmhnff-1","Erythroid"
"aollmmbc-1","Erythroid"
"aoojlmhj-1","Erythroid"
"aoomfila-1","Erythroid"
"aoomfnlj-1","Erythroid"
"aopejdcc-1","Erythroid"
"aopodmhd-1","Erythroid"
"apblocjk-1","Erythroid"
"apfceade-1","pDC"
"apflhjnf-1","Erythroid"
"apgmmpop-1","Granulocyte_monocyte_progenitor"
"apioljlp-1","HSC"
"apjdcfha-1","pDC"
"aplmldlg-1","Erythroid"
"apmbjfng-1","Erythroid"
"apmdgfbm-1","Erythroid"
"apmdmmik-1","CD4_T_naive"
"apmggjbf-1","Erythroid"
"apmmfghi-1","Erythroid"
"appfilhc-1","Granulocyte_monocyte_progenitor"
"baaiecpc-1","Erythroid"
"baailghj-1","Erythroid"
"baccimje-1","Granulocyte_monocyte_progenitor"
"backadfl-1","Erythroid"
"bacpikjp-1","Erythroid"
"badadicl-1","Erythroid"
"badaojbc-1","Erythroid"
"badffmih-1","MonoCD14"
"baeoebcn-1","T_prolifer"
"baghieeo-1","Erythroid"
"bagifhki-1","Erythroid"
"bahakpia-1","Erythroid"
"bahfefmb-1","Erythroid"
"bahldiia-1","Erythroid"
"baijhbfl-1","Erythroid"
"bajiclkn-1","Erythroid"
"bajifkhp-1","Erythroid"
"bajjfmfm-1","Erythroid"
"bajkccfo-1","Erythroid"
"bajlfdai-1","Erythroid"
"bakckgim-1","Erythroid"
"bamhfhlf-1","Erythroid"
"bamokada-1","Erythroid"
"bankfbek-1","Erythroid"
"baodgjlp-1","Erythroid"
"baoebicj-1","Granulocyte_monocyte_progenitor"
"baoeckgf-1","Erythroid"
"baokihel-1","Erythroid"
"baokmdck-1","Erythroid"
"baommbil-1","pDC"
"baopafnc-1","Erythroid"
"baopfpdf-1","Erythroid"
"baopjplb-1","HSC"
"bapfecnp-1","Erythroid"
"bapghkjg-1","Erythroid"
"baphdeio-1","Erythroid"
"baphhedb-1","Erythroid"
"bapkgido-1","Erythroid"
"bapmhlcn-1","HSC"
"bapmndkb-1","Erythroid"
"bapoacoe-1","Erythroid"
"bbabdobd-1","Erythroid"
"bbahegec-1","Granulocyte_monocyte_progenitor"
"bbakkijg-1","Erythroid"
"bbalcfhk-1","Erythroid"
"bbalijlk-1","Erythroid"
"bbamecgf-1","Erythroid"
"bbamjaan-1","Erythroid"
"bbamnioh-1","Erythroid"
"bbannggj-1","Erythroid"
"bbapeghi-1","Erythroid"
"bbbcofke-1","Erythroid"
"bbbdhgaj-1","MonoCD14"
"bbbecjcl-1","Erythroid"
"bbbhpcdj-1","Erythroid"
"bbehldkc-1","Plasma_cell"
"bbejadbl-1","Erythroid"
"bbelnnib-1","Erythroid"
"bbeohnlc-1","Erythroid"
"bbfdaamg-1","Erythroid"
"bbfdlgam-1","Platelet"
"bbfdnffa-1","Erythroid"
"bbfgbakl-1","Erythroid"
"bbfhmiii-1","MonoCD14"
"bbfinfai-1","Plasma_cell"
"bbflaphi-1","Erythroid"
"bbfnnpca-1","Erythroid"
"bbfoehom-1","Erythroid"
"bbjdbiai-1","Erythroid"
"bbjefcng-1","Erythroid"
"bbljfpci-1","Erythroid"
"bcbckmec-1","HSC"
"bcblmjlf-1","Erythroid"
"bcbnokeb-1","Erythroid"
"bcchbogo-1","Erythroid"
"bcdaahmb-1","Erythroid"
"bcdlhbih-1","Erythroid"
"bchbnkfe-1","Erythroid"
"bchlfedm-1","Erythroid"
"bchmlaph-1","Erythroid"
"bcidegdl-1","pDC"
"bcjcmhip-1","B_progenitor"
"bcjddako-1","Platelet"
"bcmgdmen-1","Erythroid"
"bcnabgok-1","Erythroid"
"bcnlepgl-1","pDC"
"bcpfjkbj-1","Erythroid"
"bcpkgcpg-1","Erythroid"
"bcpmeemi-1","Erythroid"
"bdaamipm-1","Erythroid"
"bdacailg-1","Erythroid"
"bdaiaije-1","Platelet"
"bdcfoenp-1","Erythroid"
"bddcgfip-1","Erythroid"
"bddjcoge-1","Erythroid"
"bdefapcj-1","Platelet"
"bdefgeao-1","MonoCD16"
"bdhmgkfg-1","B_progenitor"
"bdiekhdd-1","Platelet"
"bdifdeon-1","Erythroid"
"bdifmjkn-1","Erythroid"
"bdjmeaoo-1","Plasma_cell"
"bdkkkmef-1","Erythroid"
"bdkomkci-1","Erythroid"
"bdlnafkj-1","Erythroid"
"bdocibec-1","Erythroid"
"bdodpelj-1","Erythroid"
"bdoeholc-1","Erythroid"
"bdpbfjmj-1","Erythroid"
"bdpdknhn-1","Erythroid"
"bdpeidoj-1","Erythroid"
"bdpjgpgj-1","Erythroid"
"bdpkpeba-1","Erythroid"
"beakglde-1","Erythroid"
"bebdokkp-1","Erythroid"
"bebggdlp-1","Erythroid"
"bebkjhca-1","Erythroid"
"beblhbld-1","Erythroid"
"becgbnbo-1","Erythroid"
"bedngfef-1","MonoCD14"
"beejjfkk-1","Erythroid"
"bekpjnjg-1","Erythroid"
"bemfmnja-1","Erythroid"
"benggalj-1","B_progenitor"
"bepfmmgf-1","HSC"
"bepgiapj-1","HSC"
"bepgjkmk-1","Erythroid"
"bephlmha-1","Erythroid"
"bephnhbf-1","Erythroid"
"bepidiki-1","Erythroid"
"bepkfklh-1","Erythroid"
"bepkkogg-1","Erythroid"
"beplhlco-1","MonoCD14"
"bepmcolc-1","Erythroid"
"bepncdep-1","Erythroid"
"bfcaobco-1","MonoCD14"
"bfccdaib-1","Plasma_cell"
"bfccdead-1","Platelet"
"bfenjkbm-1","Erythroid"
"bfhillmd-1","Erythroid"
"bfjnchlh-1","Plasma_cell"
"bfjoimno-1","Plasma_cell"
"bfkaehci-1","Granulocyte_monocyte_progenitor"
"bfkdleee-1","Platelet"
"bfkgefmj-1","Erythroid"
"bflolgll-1","Erythroid"
"bfnkhpjl-1","Platelet"
"bfonfkei-1","Erythroid"
"bfopbmpp-1","Erythroid"
"bgccbnea-1","Erythroid"
"bgcmhglp-1","Erythroid"
"bgfdhddk-1","Erythroid"
"bggiflcf-1","Erythroid"
"bghdaodh-1","Erythroid"
"bgiobkba-1","Erythroid"
"bgjmmaio-1","Erythroid"
"bgkbdabc-1","Erythroid"
"bgnemlaf-1","Erythroid"
"bgomnmhp-1","Erythroid"
"bhbangai-1","HSC"
"bhecocck-1","Erythroid"
"bhfgghii-1","Plasma_cell"
"bhiehpoh-1","Erythroid"
"bhjlnjjp-1","Granulocyte_monocyte_progenitor"
"bhkffmnl-1","Erythroid"
"bhmgkbhc-1","MonoCD14"
"bhohmedp-1","Erythroid"
"bhoodame-1","Erythroid"
"biagpijn-1","Erythroid"
"biaifocj-1","pDC"
"bibimgol-1","Erythroid"
"bibjndag-1","Erythroid"
"bibjnofl-1","Erythroid"
"bibpoffk-1","Erythroid"
"bidoaeji-1","Erythroid"
"bieccgmh-1","Erythroid"
"bieiidej-1","Erythroid"
"bifobapl-1","Erythroid"
"biibaigh-1","Erythroid"
"biieglpe-1","Erythroid"
"bijfoien-1","Erythroid"
"biklfpac-1","Erythroid"
"bikllfob-1","Erythroid"
"biofkfif-1","Erythroid"
"biofnnna-1","Erythroid"
"biojmelc-1","MonoCD14"
"biokejig-1","Erythroid"
"bipalenn-1","Erythroid"
"bipdiibi-1","Erythroid"
"bipjbbcl-1","Erythroid"
"bjaobjpn-1","Erythroid"
"bjbljkpk-1","Erythroid"
"bjblpcen-1","Erythroid"
"bjboigej-1","Erythroid"
"bjcfbcaj-1","Erythroid"
"bjcgopli-1","HSC"
"bjeidhki-1","Platelet"
"bjfcfkoc-1","pDC"
"bjfpflod-1","Erythroid"
"bjggaick-1","Erythroid"
"bjgllcgo-1","Erythroid"
"bjhbeacf-1","Erythroid"
"bjheejhf-1","Erythroid"
"bjhfkobh-1","Erythroid"
"bjhloldd-1","Erythroid"
"bjilkcip-1","Granulocyte_monocyte_progenitor"
"bjipfoai-1","Erythroid"
"bjjadlle-1","Erythroid"
"bjjafdkb-1","Erythroid"
"bjjbcoad-1","Erythroid"
"bjjcfbfm-1","Erythroid"
"bjjdcoae-1","Platelet"
"bjjnojch-1","Erythroid"
"bjjodapd-1","Erythroid"
"bjjokipe-1","Erythroid"
"bjkggbjb-1","Granulocyte_monocyte_progenitor"
"bjmonaim-1","B_progenitor"
"bjmpapfm-1","Erythroid"
"bjnlphmk-1","Erythroid"
"bjnmjcfg-1","Erythroid"
"bjohaebn-1","Erythroid"
"bjonlhdb-1","Platelet"
"bjpladkh-1","Erythroid"
"bjplkanj-1","Erythroid"
"bjppnign-1","MonoCD14"
"bkaelgkc-1","Erythroid"
"bkcghdcj-1","Erythroid"
"bkciipao-1","Erythroid"
"bkeaacbb-1","Erythroid"
"bkegodoa-1","Erythroid"
"bkeifeje-1","Erythroid"
"bkeimmkh-1","Erythroid"
"bkeipcdc-1","Erythroid"
"bkejdhlo-1","Erythroid"
"bkfoncoh-1","Erythroid"
"bkgjhocm-1","Erythroid"
"bkhbdgcn-1","Erythroid"
"bkhcbjia-1","Erythroid"
"bkiafljb-1","Erythroid"
"bkjgbppg-1","Erythroid"
"bkjnejpk-1","Erythroid"
"bkjnfbed-1","Erythroid"
"bkkfooma-1","Erythroid"
"bkkiefom-1","Erythroid"
"bkkjkhbb-1","Erythroid"
"bkknpmbp-1","Granulocyte_monocyte_progenitor"
"bkkppdfa-1","Erythroid"
"bklcejil-1","Erythroid"
"bkllgdbh-1","Plasma_cell"
"bklocmlf-1","Erythroid"
"bklplcaf-1","Plasma_cell"
"bkmoeodh-1","Erythroid"
"bkncdpmn-1","Erythroid"
"bknnoiac-1","Erythroid"
"bknobjap-1","Erythroid"
"bkoenlcl-1","Erythroid"
"bkogknac-1","Erythroid"
"bkopbdjo-1","Plasma_cell"
"blaaainp-1","Erythroid"
"blaafdhm-1","Erythroid"
"blakbdjl-1","Erythroid"
"blbdihog-1","Erythroid"
"blblidhi-1","Erythroid"
"blcabjnn-1","HSC"
"blconimg-1","Erythroid"
"blglahjj-1","Erythroid"
"blhgamel-1","Erythroid"
"bljbckch-1","Erythroid"
"bljgonme-1","Erythroid"
"bljhkepc-1","Erythroid"
"blknbpli-1","Erythroid"
"blkoafjo-1","Erythroid"
"blldbgda-1","Erythroid"
"bllegjll-1","Erythroid"
"blndghaj-1","Erythroid"
"blogbhib-1","Erythroid"
"blogeipp-1","HSC"
"bloodpjj-1","Erythroid"
"blplckhh-1","Erythroid"
"bmadnajn-1","MonoCD16"
"bmagiipb-1","Erythroid"
"bmbanhgi-1","MonoCD14"
"bmbgmecg-1","MonoCD14"
"bmbgnoen-1","Erythroid"
"bmbhhobc-1","Erythroid"
"bmbipfoi-1","Erythroid"
"bmbjkjjk-1","Platelet"
"bmfhbhob-1","Erythroid"
"bmhdgaop-1","Erythroid"
"bmjdkngo-1","Erythroid"
"bmjfbiej-1","Erythroid"
"bmjnicno-1","Erythroid"
"bmliiiea-1","Erythroid"
"bmlmhpof-1","Erythroid"
"bmphmlfn-1","Erythroid"
"bmpjbdgi-1","Erythroid"
"bmpjeefn-1","Erythroid"
"bmpkmdip-1","Erythroid"
"bnalkbgf-1","Erythroid"
"bnamdmgf-1","Erythroid"
"bnblapdc-1","Erythroid"
"bncanmeg-1","Erythroid"
"bndjgobl-1","HSC"
"bneicfag-1","Erythroid"
"bnemlknf-1","Erythroid"
"bnepkpda-1","MonoCD14"
"bnfaellf-1","Erythroid"
"bnffkbco-1","Erythroid"
"bnfjfjaf-1","MonoCD14"
"bngakkpj-1","Erythroid"
"bngalkdb-1","Erythroid"
"bngcjkob-1","Erythroid"
"bngcmbbp-1","Erythroid"
"bnghlehh-1","Erythroid"
"bngmlfim-1","Erythroid"
"bngpgiad-1","Erythroid"
"bngphibn-1","Erythroid"
"bngpnecp-1","MonoCD14"
"bnhbmhhe-1","Erythroid"
"bnhceefk-1","Erythroid"
"bnhdkipo-1","Erythroid"
"bniapnkm-1","Erythroid"
"bniecdbj-1","Erythroid"
"bnjamnbk-1","Erythroid"
"bnjjbhng-1","Erythroid"
"bnokfaoi-1","Erythroid"
"bobblnkc-1","Erythroid"
"bobnjejd-1","Erythroid"
"bocnlebg-1","Erythroid"
"bococgcn-1","Erythroid"
"bocombjb-1","Erythroid"
"bodabfnf-1","Erythroid"
"bodafmeo-1","Erythroid"
"bodaioak-1","Erythroid"
"bogmbokf-1","Erythroid"
"bohhnndk-1","Erythroid"
"bohhooah-1","Erythroid"
"boifbjmp-1","Erythroid"
"bojcjonb-1","Erythroid"
"boknggij-1","Erythroid"
"bomagiib-1","Erythroid"
"bpbihphf-1","Erythroid"
"bpcenacp-1","Erythroid"
"bpcjfhgc-1","Granulocyte_monocyte_progenitor"
"bpcmabjk-1","Erythroid"
"bpdolcoa-1","Erythroid"
"bphadhoi-1","Erythroid"
"bphbmfhg-1","Erythroid"
"bpkamjdn-1","Erythroid"
"bpkecpbl-1","Erythroid"
"bpkknlfi-1","Erythroid"
"bpnenkcc-1","Erythroid"
"bpnhlkka-1","Erythroid"
"bpnijlff-1","Erythroid"
"bpnohlah-1","Plasma_cell"
"bppchigh-1","Erythroid"
"caechola-1","Erythroid"
"caedflkk-1","Erythroid"
"cafdapee-1","Erythroid"
"cafflngb-1","Erythroid"
"cafooemh-1","MonoCD14"
"cagkgdki-1","Erythroid"
"cakliemd-1","Erythroid"
"caldmpbn-1","Erythroid"
"caldpbmm-1","Erythroid"
"camakafn-1","CD8_T_memory"
"camamhjc-1","Erythroid"
"camliebo-1","Erythroid"
"cbbkjljb-1","Erythroid"
"cbcbddbi-1","Erythroid"
"cbcfmnbo-1","Erythroid"
"cbcpaokm-1","Erythroid"
"cbhhhjgi-1","Erythroid"
"cboclhnf-1","Erythroid"
"ccgdfdpn-1","Erythroid"
"ccpbjgjj-1","MonoCD14"
"cdbnofom-1","Erythroid"
"cdcalaln-1","Erythroid"
"cdgejmgg-1","Erythroid"
"cdgjmkml-1","Erythroid"
"cdjdccbe-1","Erythroid"
"cdjiipam-1","Erythroid"
"cdlfhelj-1","Erythroid"
"cdlfjdfc-1","Erythroid"
"cdmafffg-1","Erythroid"
"cdmpedld-1","Erythroid"
"cdnfinhf-1","Erythroid"
"cdoggjmm-1","Erythroid"
"cdohomjj-1","Erythroid"
"cdpbifik-1","Erythroid"
"cdpdceaf-1","Granulocyte_monocyte_progenitor"
"cdpmbmpi-1","Erythroid"
"cdpmhjdj-1","Granulocyte_monocyte_progenitor"
"ceabflki-1","HSC"
"ceakbkgd-1","Erythroid"
"cebdjfpm-1","Erythroid"
"cecmopmh-1","Platelet"
"ceemhign-1","Erythroid"
"ceiajlpl-1","Erythroid"
"ceigkeec-1","HSC"
"ceigpeke-1","Erythroid"
"cekcpebf-1","Erythroid"
"celcpjdf-1","Erythroid"
"celdkokb-1","Granulocyte_monocyte_progenitor"
"ceognjig-1","Erythroid"
"ceombedm-1","Erythroid"
"ceplldee-1","Erythroid"
"cepnkgll-1","Erythroid"
"cepobpnf-1","Erythroid"
"cepodgcj-1","Erythroid"
"cepodndf-1","Erythroid"
"cfahjlpb-1","Erythroid"
"cfamnaae-1","Erythroid"
"cfbnaclp-1","Erythroid"
"cfbnjhoe-1","Erythroid"
"cfboodho-1","Erythroid"
"cfcjeicl-1","Erythroid"
"cffmpnjp-1","Erythroid"
"cfglongg-1","Erythroid"
"cfhbkpec-1","MonoCD16"
"cfhjhlih-1","B_progenitor"
"cfijbcoh-1","Erythroid"
"cfijjfcb-1","Erythroid"
"cfjgoffe-1","Erythroid"
"cfjifgon-1","Erythroid"
"cfjjhbkb-1","Erythroid"
"cfjjobdg-1","Erythroid"
"cfleoein-1","Erythroid"
"cfpbkcem-1","Erythroid"
"cfpchgdn-1","Erythroid"
"cgcaojcn-1","Erythroid"
"cgcibmdj-1","Erythroid"
"cgcipaon-1","Granulocyte_monocyte_progenitor"
"cgcjjika-1","Erythroid"
"cggdgbgd-1","Erythroid"
"cghfiecp-1","Erythroid"
"cghhggcn-1","HSC"
"cghneggl-1","Erythroid"
"cgiaecmi-1","Erythroid"
"cgminolc-1","Erythroid"
"cgpimjac-1","Erythroid"
"chandkjp-1","Erythroid"
"chbcagep-1","Erythroid"
"chbnmlgd-1","Erythroid"
"chdccimb-1","Erythroid"
"chdndhge-1","Erythroid"
"cheeaomn-1","Erythroid"
"chempekl-1","Erythroid"
"chgdilme-1","Erythroid"
"chglepjm-1","Erythroid"
"chhbflon-1","Erythroid"
"chhjgjop-1","Erythroid"
"chhkekbn-1","Erythroid"
"chlcafmk-1","HSC"
"chlgmnni-1","Erythroid"
"chliibai-1","Erythroid"
"chmadeli-1","Erythroid"
"chmehkla-1","Erythroid"
"chmpioch-1","Plasma_cell"
"chnabanc-1","Erythroid"
"chnddide-1","Plasma_cell"
"chnfbojl-1","Granulocyte_monocyte_progenitor"
"chodcfin-1","Erythroid"
"chodplbn-1","Erythroid"
"chofmmpb-1","Erythroid"
"chomlmac-1","Erythroid"
"chooklda-1","Erythroid"
"choopbdg-1","Erythroid"
"chpaabdo-1","Erythroid"
"chpaoddm-1","Erythroid"
"chpapmhk-1","Erythroid"
"chpbdghd-1","Erythroid"
"cibocceh-1","Erythroid"
"cichbefl-1","Erythroid"
"cicljfen-1","Erythroid"
"cicmcdag-1","Erythroid"
"cicmgbmb-1","Erythroid"
"cicnieah-1","Erythroid"
"cidbdonn-1","Erythroid"
"cidcgpnc-1","HSC"
"cidimcdp-1","Erythroid"
"ciecmdkk-1","Erythroid"
"ciedkjop-1","Erythroid"
"ciekkgfd-1","Erythroid"
"cielglhf-1","Erythroid"
"ciflkbbc-1","Erythroid"
"cifolppa-1","Erythroid"
"cigmlcmg-1","Erythroid"
"ciippdhk-1","Erythroid"
"cijafehk-1","Erythroid"
"cijepknl-1","MonoCD14"
"cijhggih-1","HSC"
"cijhhlci-1","Plasma_cell"
"cijiphbn-1","Erythroid"
"cijkffnk-1","Erythroid"
"cijlhocd-1","Erythroid"
"cijlmocd-1","Erythroid"
"cijnjpgk-1","Erythroid"
"cijpebge-1","Erythroid"
"cikahagg-1","MonoCD14"
"cikanell-1","MonoCD14"
"cikbibeg-1","MonoCD14"
"cikgcafe-1","Erythroid"
"ciknkael-1","HSC"
"cilabndg-1","HSC"
"cildcebg-1","HSC"
"cileggcf-1","Granulocyte_monocyte_progenitor"
"cilhjejh-1","Plasma_cell"
"cilifboh-1","Erythroid"
"ciligaan-1","Plasma_cell"
"cilkmchc-1","HSC"
"cilmajop-1","MonoCD14"
"cimdhkfl-1","Plasma_cell"
"cimgdikj-1","Granulocyte_monocyte_progenitor"
"cimiifno-1","Plasma_cell"
"cimjjnom-1","HSC"
"cimnfocn-1","Plasma_cell"
"cimpncgh-1","Erythroid"
"cincfppk-1","Erythroid"
"cinehknf-1","HSC"
"cingokkb-1","Erythroid"
"cinokclo-1","Granulocyte_monocyte_progenitor"
"ciodlmli-1","Erythroid"
"ciofclkl-1","HSC"
"ciomhpfg-1","Erythroid"
"cipicjao-1","Erythroid"
"ciplmghp-1","Erythroid"
"cipmfdcl-1","Erythroid"
"cipokkao-1","Erythroid"
"cippmoef-1","HSC"
"cjaacick-1","HSC"
"cjabpdbc-1","Erythroid"
"cjackbaj-1","Erythroid"
"cjagdknm-1","Erythroid"
"cjaiacji-1","Granulocyte_monocyte_progenitor"
"cjajgidh-1","Erythroid"
"cjakjfpd-1","Erythroid"
"cjangfdp-1","Erythroid"
"cjanmdbc-1","Granulocyte_monocyte_progenitor"
"cjbfkcnh-1","HSC"
"cjcdmlin-1","HSC"
"cjcnggjo-1","HSC"
"cjconjde-1","HSC"
"cjdefege-1","Erythroid"
"cjdligpa-1","HSC"
"cjdlkimk-1","Granulocyte_monocyte_progenitor"
"cjdmphdp-1","Erythroid"
"cjdpgaml-1","Erythroid"
"cjejiajg-1","Erythroid"
"cjekbohn-1","HSC"
"cjemabnj-1","MonoCD14"
"cjffdagm-1","Erythroid"
"cjfgfcjd-1","Erythroid"
"cjfgicie-1","Erythroid"
"cjfmabhj-1","Plasma_cell"
"cjfoglel-1","Erythroid"
"cjfplfpd-1","Erythroid"
"cjgbbope-1","Erythroid"
"cjgdffoj-1","HSC"
"cjgdgmpd-1","Erythroid"
"cjgdhlab-1","HSC"
"cjgffchn-1","Erythroid"
"cjgffclh-1","Erythroid"
"cjggacbn-1","Granulocyte_monocyte_progenitor"
"cjghjnkd-1","Erythroid"
"cjgidald-1","Granulocyte_monocyte_progenitor"
"cjgildii-1","Erythroid"
"cjgimdoj-1","Plasma_cell"
"cjgkipng-1","NK_cell"
"cjglkdih-1","Erythroid"
"cjgpeleh-1","Erythroid"
"cjhcpeko-1","MonoCD14"
"cjheepmb-1","Erythroid"
"cjhfibhk-1","MonoCD14"
"cjhfifpe-1","Erythroid"
"cjhfkcgp-1","HSC"
"cjhgdfnh-1","MonoCD14"
"cjhhkajj-1","Erythroid"
"cjhhldnn-1","Erythroid"
"cjhhoeaj-1","Erythroid"
"cjhiiljb-1","Plasma_cell"
"cjhijeia-1","pDC"
"cjhjfnbl-1","Erythroid"
"cjhjhebd-1","Erythroid"
"cjhjoang-1","Erythroid"
"cjhnliho-1","Erythroid"
"cjhpghnj-1","MonoCD14"
"cjigchem-1","MonoCD14"
"cjihocpa-1","Erythroid"
"cjiipelm-1","HSC"
"cjijbbgm-1","HSC"
"cjikpabe-1","MonoCD14"
"cjildohe-1","pDC"
"cjilpaek-1","HSC"
"cjimdmoh-1","CD4_T_naive"
"cjinmblg-1","Erythroid"
"cjiogopl-1","Erythroid"
"cjipdfgg-1","Erythroid"
"cjipomcl-1","Erythroid"
"cjippofo-1","Erythroid"
"cjjaghkp-1","Plasma_cell"
"cjjbldnm-1","Granulocyte_monocyte_progenitor"
"cjjccknl-1","MonoCD14"
"cjjddfnp-1","Erythroid"
"cjjdojmg-1","MonoCD14"
"cjjfhcob-1","Erythroid"
"cjjflill-1","Erythroid"
"cjjfomfi-1","Erythroid"
"cjjhhdco-1","pDC"
"cjjkedkd-1","Erythroid"
"cjjkfabl-1","Erythroid"
"cjjkkmab-1","Erythroid"
"cjkboang-1","Erythroid"
"cjkcfade-1","Erythroid"
"cjkdacng-1","Erythroid"
"cjkdopfe-1","Erythroid"
"cjkebdco-1","Erythroid"
"cjkhpjgj-1","Platelet"
"cjkjcdbc-1","Erythroid"
"cjkjgpbm-1","Platelet"
"cjkjijgg-1","Plasma_cell"
"cjkjkmmf-1","Plasma_cell"
"cjkjmlcc-1","MonoCD14"
"cjklimpg-1","HSC"
"cjkmmjld-1","Erythroid"
"cjkndcfk-1","MonoCD14"
"cjkpdkfd-1","Erythroid"
"cjkpoiel-1","B_memory"
"cjlafhpf-1","Plasma_cell"
"cjlahhnn-1","HSC"
"cjlcdlea-1","Erythroid"
"cjlcjokd-1","Erythroid"
"cjldnfao-1","MonoCD14"
"cjlgdnmj-1","MonoCD14"
"cjljabbm-1","Erythroid"
"cjllfpmm-1","Erythroid"
"cjllplbl-1","Erythroid"
"cjmapjdd-1","Erythroid"
"cjmdojke-1","MonoCD14"
"cjmkoomh-1","Erythroid"
"cjmndjhg-1","Erythroid"
"cjmpmlje-1","Erythroid"
"cjnfcael-1","HSC"
"cjnianak-1","Granulocyte_monocyte_progenitor"
"cjnjcbhi-1","Erythroid"
"cjnmipkn-1","Erythroid"
"cjnpclfc-1","MonoCD14"
"cjobnkcl-1","Erythroid"
"cjocjion-1","Erythroid"
"cjohnnoa-1","Erythroid"
"cjohoilj-1","Erythroid"
"cjojhlkf-1","B_progenitor"
"cjolembm-1","Erythroid"
"cjoleopj-1","Erythroid"
"cjolggkh-1","Erythroid"
"cjomhfda-1","Erythroid"
"cjopfglc-1","Plasma_cell"
"cjpldiol-1","Erythroid"
"cjpnlhmb-1","Erythroid"
"cjpofhjn-1","Erythroid"
"ckahmjpk-1","Erythroid"
"ckaihhbl-1","MonoCD14"
"ckajhijg-1","Erythroid"
"ckamoklo-1","Erythroid"
"ckangkdp-1","Plasma_cell"
"ckanlpdm-1","Erythroid"
"ckanmmjp-1","Erythroid"
"ckbdmooj-1","Erythroid"
"ckbepfeg-1","Erythroid"
"ckbigcih-1","HSC"
"ckbjoidp-1","Erythroid"
"ckbkemcg-1","Erythroid"
"ckbkgold-1","Erythroid"
"ckbmceal-1","Granulocyte_monocyte_progenitor"
"ckbmeibk-1","HSC"
"ckbnanbc-1","MonoCD14"
"ckbncfkn-1","HSC"
"ckbonpfn-1","Erythroid"
"ckcalfna-1","Erythroid"
"ckcbeajo-1","Plasma_cell"
"ckcdjhpf-1","Erythroid"
"ckcdokbh-1","B_progenitor"
"ckcehfkn-1","Plasma_cell"
"ckchfpik-1","Erythroid"
"ckcidfif-1","Erythroid"
"ckckbjaj-1","Erythroid"
"ckcljhhe-1","Erythroid"
"ckcnigjl-1","HSC"
"ckcpcdik-1","Erythroid"
"ckdibkfi-1","Erythroid"
"ckdmfobn-1","Erythroid"
"ckdnlekg-1","Erythroid"
"ckeihmba-1","Granulocyte_monocyte_progenitor"
"ckepbaap-1","B_progenitor"
"ckfabieb-1","HSC"
"ckfagipi-1","pDC"
"ckfapaaf-1","Platelet"
"ckfbigea-1","Erythroid"
"ckfcgpbd-1","pDC"
"ckfdkije-1","pDC"
"ckfepalk-1","MonoCD14"
"ckfifnao-1","Erythroid"
"ckfiilgb-1","CD4_T_naive"
"ckfkjiki-1","Erythroid"
"ckfnlpoo-1","Erythroid"
"ckgdgenj-1","Erythroid"
"ckgepdlb-1","Platelet"
"ckgfnokk-1","Erythroid"
"ckggagfo-1","Erythroid"
"ckggcmeg-1","HSC"
"ckghbfie-1","Erythroid"
"ckghfcga-1","MonoCD14"
"ckghjfgm-1","MonoCD14"
"ckgifgcd-1","MonoCD14"
"ckgjghbc-1","pDC"
"ckgkhmlk-1","Erythroid"
"ckgladpg-1","Erythroid"
"ckgleifm-1","Erythroid"
"ckgmbdnb-1","Erythroid"
"ckgmhncn-1","Erythroid"
"ckgmibii-1","Erythroid"
"ckgncefd-1","Erythroid"
"ckgngfbb-1","CTL"
"ckgnkjca-1","MonoCD14"
"ckgojlja-1","MonoCD14"
"ckgponip-1","Erythroid"
"ckgppfjk-1","MonoCD14"
"ckhbiail-1","B_progenitor"
"ckhddjph-1","Plasma_cell"
"ckhfecij-1","MonoCD14"
"ckhglmck-1","MonoCD14"
"ckhheffa-1","Erythroid"
"ckhhenhi-1","Erythroid"
"ckhhknmb-1","Erythroid"
"ckhigjfa-1","Erythroid"
"ckhjpimn-1","Plasma_cell"
"ckhkahdf-1","Erythroid"
"ckhkpgop-1","Erythroid"
"ckhlkmle-1","Erythroid"
"ckhopgjg-1","Erythroid"
"ckhpbilo-1","Erythroid"
"ckidldbj-1","Erythroid"
"ckigdapn-1","Plasma_cell"
"ckigiopl-1","Erythroid"
"ckijggmf-1","MonoCD14"
"ckikkdkn-1","MonoCD14"
"ckjbcobm-1","Erythroid"
"ckjccnec-1","Erythroid"
"ckjddnim-1","Erythroid"
"ckjdekbc-1","Granulocyte_monocyte_progenitor"
"ckjeponk-1","HSC"
"ckjgfabo-1","Erythroid"
"ckkkfbhn-1","pDC"
"cklfmgki-1","pDC"
"cklgpgak-1","pDC"
"ckmdfajk-1","B_progenitor"
"cknedjcb-1","Erythroid"
"cknkfajg-1","Erythroid"
"ckocjcci-1","CD8_T_memory"
"ckodhjfb-1","HSC"
"ckolkbee-1","Erythroid"
"ckooeefe-1","Erythroid"
"ckpafbod-1","Granulocyte_monocyte_progenitor"
"ckpcbnnj-1","Erythroid"
"ckpcncma-1","Platelet"
"ckpeimbi-1","Granulocyte_monocyte_progenitor"
"ckpflcej-1","MonoCD14"
"ckpkifch-1","HSC"
"ckpmgblc-1","Erythroid"
"ckpmocon-1","Granulocyte_monocyte_progenitor"
"clabgggn-1","Erythroid"
"clalblmi-1","MonoCD14"
"clamcgpj-1","Erythroid"
"clamchnh-1","Erythroid"
"clanbmjn-1","HSC"
"clanjfda-1","B_progenitor"
"clbbidlk-1","NK_cell"
"clbeembm-1","Erythroid"
"clbgdjdd-1","Erythroid"
"clbgfjnh-1","Erythroid"
"clbiijam-1","CTL"
"clbjfboj-1","Erythroid"
"clbljhja-1","NK_cell"
"clbmmkak-1","Erythroid"
"clbpdoob-1","HSC"
"clcamdgo-1","Erythroid"
"clcfoilg-1","HSC"
"clcjaajn-1","Erythroid"
"clckejem-1","HSC"
"clcnabad-1","Plasma_cell"
"clcoeakn-1","HSC"
"cldpegbj-1","HSC"
"cledjgei-1","Granulocyte_monocyte_progenitor"
"clfahcfp-1","Erythroid"
"clgdeodo-1","Erythroid"
"clglbjfa-1","Erythroid"
"clgncgnb-1","Erythroid"
"clgnghhi-1","MonoCD14"
"clhplmoj-1","Plasma_cell"
"clifafai-1","Erythroid"
"cligmjop-1","Erythroid"
"clihabpd-1","Erythroid"
"clindoop-1","Granulocyte_monocyte_progenitor"
"clipdmco-1","Erythroid"
"cliphjje-1","Erythroid"
"cljanfln-1","Erythroid"
"cljkefhn-1","Granulocyte_monocyte_progenitor"
"cljkojop-1","pDC"
"cljlnkih-1","Erythroid"
"clkfimjb-1","Erythroid"
"clkgphmf-1","Erythroid"
"clkhjlpf-1","HSC"
"clladmmk-1","MonoCD14"
"cllbpgjj-1","Erythroid"
"cllcnfag-1","Erythroid"
"cllepafn-1","MonoCD14"
"cllidoli-1","Erythroid"
"cllieoml-1","HSC"
"clliipdb-1","MonoCD14"
"cllijlib-1","Erythroid"
"clliopam-1","Erythroid"
"clljojhh-1","Erythroid"
"cllkdckj-1","MonoCD14"
"cllkekid-1","Erythroid"
"cllkhckk-1","Erythroid"
"cllkjecp-1","Erythroid"
"clllfmmm-1","Erythroid"
"clmfdfnl-1","CD4_T_memory"
"clmpdkij-1","Erythroid"
"clnaebea-1","HSC"
"clnbnbcp-1","Erythroid"
"clodojka-1","Erythroid"
"cloeobch-1","MonoCD14"
"clohafip-1","Erythroid"
"clonddjo-1","MonoCD14"
"cmajeane-1","MonoCD14"
"cmakncjg-1","MonoCD14"
"cmaldpak-1","Erythroid"
"cmbgcacn-1","Erythroid"
"cmcdpbfj-1","Erythroid"
"cmckcbbp-1","HSC"
"cmdeolgp-1","Erythroid"
"cmdgppoh-1","B_progenitor"
"cmdkcjbd-1","Erythroid"
"cmeapffd-1","Erythroid"
"cmebghif-1","Erythroid"
"cmedofod-1","Erythroid"
"cmekhahc-1","Erythroid"
"cmfddphh-1","Erythroid"
"cmfegghh-1","B_progenitor"
"cmfhlmie-1","Erythroid"
"cmfmfnkf-1","Erythroid"
"cmgagnmn-1","Erythroid"
"cmmcjehj-1","Erythroid"
"cmmgccnd-1","Erythroid"
"cmnappha-1","Erythroid"
"cmnjfdhj-1","Erythroid"
"cmnjjpgm-1","Erythroid"
"cnaeopnk-1","Granulocyte_monocyte_progenitor"
"cnahkmpi-1","MonoCD14"
"cnaillgn-1","Erythroid"
"cnaojopd-1","Erythroid"
"cnbgllfk-1","HSC"
"cnbgoecf-1","B_progenitor"
"cndlkmne-1","Erythroid"
"cndlmhbj-1","Erythroid"
"cndockie-1","Erythroid"
"cnhamldn-1","Erythroid"
"cnhbpelc-1","HSC"
"cnhdccge-1","Erythroid"
"cnhkiabf-1","HSC"
"cnhlnhge-1","Erythroid"
"cnjbpfee-1","Erythroid"
"cnjodpif-1","Erythroid"
"cnllkmio-1","Erythroid"
"cnnaimod-1","Erythroid"
"cnnmjodc-1","Erythroid"
"cnnnahkc-1","Erythroid"
"cnoljcdd-1","T_prolifer"
"cnpiamgo-1","Plasma_cell"
"cnpiehpb-1","Erythroid"
"cnpoodio-1","Erythroid"
"coahmhlc-1","HSC"
"coamnboa-1","Erythroid"
"coaojffh-1","Erythroid"
"coapdafk-1","Erythroid"
"cobabhbi-1","Erythroid"
"cobmojbi-1","Erythroid"
"cobnojhj-1","Erythroid"
"cocackjl-1","Plasma_cell"
"cocangba-1","Erythroid"
"cocdnjja-1","Erythroid"
"cocembao-1","Erythroid"
"cocgjoia-1","Granulocyte_monocyte_progenitor"
"cocnpiii-1","Erythroid"
"cocoahnh-1","HSC"
"cocokdne-1","Erythroid"
"codfdddb-1","Erythroid"
"codmepif-1","Erythroid"
"codpboee-1","Erythroid"
"coefnamp-1","HSC"
"coekbend-1","Plasma_cell"
"coekbhgh-1","Erythroid"
"cofaicgi-1","Erythroid"
"cofcaohm-1","Erythroid"
"cofcgjmf-1","Erythroid"
"cofcglfo-1","Erythroid"
"cofglkkd-1","Erythroid"
"coglmhpf-1","Erythroid"
"cognbglj-1","Granulocyte_monocyte_progenitor"
"cogoagci-1","Erythroid"
"cohaebmf-1","Erythroid"
"cohakkem-1","Erythroid"
"cohkgpnc-1","B_progenitor"
"cohnoema-1","Erythroid"
"coikdbnj-1","Erythroid"
"coikpeef-1","Erythroid"
"coincdhh-1","B_progenitor"
"coinojob-1","Erythroid"
"coiolikg-1","Erythroid"
"cojclahn-1","HSC"
"cokdkkhi-1","pDC"
"cokompej-1","Erythroid"
"coleppjp-1","Erythroid"
"collgcjj-1","HSC"
"coloncco-1","Erythroid"
"coogdfca-1","Erythroid"
"cophkcld-1","B_progenitor"
"copjgnph-1","Erythroid"
"cpbggpjh-1","HSC"
"cpdgdlop-1","Erythroid"
"cpdinmbi-1","Erythroid"
"cpdkonkh-1","Erythroid"
"cphdciii-1","Erythroid"
"cpjadmfl-1","Erythroid"
"cpklbbed-1","MonoCD14"
"cplggafd-1","Erythroid"
"cpllgkbj-1","Erythroid"
"cplmcbli-1","MonoCD14"
"cplmmfle-1","Erythroid"
"cpmajeji-1","HSC"
"cpmppced-1","Erythroid"
"cppjdfhi-1","MonoCD14"
"daanmpnc-1","Erythroid"
"dabbbalj-1","Erythroid"
"dabcieji-1","Erythroid"
"dabcmhgg-1","Erythroid"
"dacllgnd-1","pDC"
"dacmjjfk-1","MonoCD14"
"dacogijc-1","Erythroid"
"dacpnpgj-1","HSC"
"dadaencp-1","MonoCD14"
"dadcbjdc-1","Erythroid"
"dadcbpfn-1","Erythroid"
"dadeifap-1","CD8_T_memory"
"dadfokbm-1","B_progenitor"
"dadgblpj-1","Erythroid"
"dadnfabp-1","Erythroid"
"dagflnmc-1","Erythroid"
"dahdjbje-1","Erythroid"
"dahpobli-1","Erythroid"
"daijongh-1","Erythroid"
"dajchijn-1","Erythroid"
"dajghikf-1","Erythroid"
"dakgjaeg-1","Erythroid"
"damihahb-1","Erythroid"
"damkdfam-1","Erythroid"
"damkiidp-1","Erythroid"
"damnmmlc-1","Erythroid"
"damnpnbk-1","Erythroid"
"daoacdoi-1","Erythroid"
"daobfcbb-1","Erythroid"
"daodmgee-1","Erythroid"
"daooijpb-1","Erythroid"
"dapdlikd-1","Erythroid"
"dapligip-1","Erythroid"
"dbabjobm-1","Erythroid"
"dbaggplm-1","Erythroid"
"dbalbaal-1","Erythroid"
"dbapkdlk-1","Erythroid"
"dbbahobg-1","Erythroid"
"dbbbckhh-1","Erythroid"
"dbbdmced-1","Erythroid"
"dbbiagmg-1","Erythroid"
"dbbifkla-1","Erythroid"
"dbbjdfbj-1","Erythroid"
"dbbjjljj-1","Erythroid"
"dbbmaefi-1","Erythroid"
"dbcbiiad-1","Erythroid"
"dbcblbph-1","Erythroid"
"dbccfkgc-1","Erythroid"
"dbccifbf-1","Erythroid"
"dbccjicf-1","Erythroid"
"dbcdbabl-1","Erythroid"
"dbcdhbad-1","Erythroid"
"dbcdkekn-1","Erythroid"
"dbcdobjn-1","Erythroid"
"dbcemkfo-1","Erythroid"
"dbcenlec-1","Erythroid"
"dbcfmkon-1","Erythroid"
"dbcgaefd-1","Granulocyte_monocyte_progenitor"
"dbcgmfid-1","Erythroid"
"dbchfamc-1","Erythroid"
"dbchmhop-1","Erythroid"
"dbchpbej-1","Erythroid"
"dbcjenkn-1","Erythroid"
"dbeijhco-1","Erythroid"
"dbepcncf-1","Erythroid"
"dbepfebg-1","Erythroid"
"dbepffhb-1","Erythroid"
"dbfkjjjh-1","HSC"
"dbgchnia-1","Erythroid"
"dbhecfpm-1","Erythroid"
"dbhefhng-1","Erythroid"
"dbhikogh-1","Erythroid"
"dbilfiig-1","Erythroid"
"dbilmffp-1","Erythroid"
"dbjnbgkm-1","Erythroid"
"dbjomddg-1","Erythroid"
"dbkbkoab-1","Erythroid"
"dbkmcmhi-1","HSC"
"dbknhmgl-1","Erythroid"
"dblchacf-1","HSC"
"dblkbagm-1","Erythroid"
"dblkgnfa-1","Erythroid"
"dbmhabfg-1","Erythroid"
"dbmmfolc-1","HSC"
"dbnfeakj-1","Erythroid"
"dbnfpihm-1","Erythroid"
"dbngeecd-1","Erythroid"
"dbnogaoi-1","Erythroid"
"dboikpim-1","Erythroid"
"dbphpokd-1","Erythroid"
"dbpiiloi-1","Erythroid"
"dbpiklai-1","Erythroid"
"dbpklgjk-1","Erythroid"
"dcbnfnli-1","Erythroid"
"dccckmfo-1","Erythroid"
"dccfohcn-1","Erythroid"
"dccmdegd-1","Erythroid"
"dcdfabcb-1","Erythroid"
"dcdppcoc-1","Erythroid"
"dchjgehn-1","HSC"
"dcjlchce-1","Erythroid"
"dckdaofi-1","Erythroid"
"dckjihph-1","Erythroid"
"dckpiceh-1","Erythroid"
"dcmaooag-1","Erythroid"
"dcmdolfi-1","Granulocyte_monocyte_progenitor"
"dcogkdfg-1","Erythroid"
"dcojmgbi-1","Erythroid"
"dcolddeo-1","Erythroid"
"dcpghmci-1","Erythroid"
"dcpjhgjg-1","Erythroid"
"dcpjkpjp-1","Erythroid"
"ddakhibk-1","Erythroid"
"ddcdclom-1","CD4_T_naive"
"ddcfkapf-1","Erythroid"
"ddcgdcdh-1","Erythroid"
"ddcjhcnh-1","Erythroid"
"dddbnnph-1","Erythroid"
"dddchkdi-1","Erythroid"
"ddddcmjh-1","Erythroid"
"ddddljnm-1","HSC"
"dddegjdl-1","Granulocyte_monocyte_progenitor"
"ddegiihn-1","MonoCD14"
"ddehdcgi-1","Plasma_cell"
"ddidibjh-1","Erythroid"
"ddifcpcc-1","Erythroid"
"ddjbkkmf-1","Erythroid"
"ddjfifbf-1","Erythroid"
"ddjnbffb-1","HSC"
"ddlkdnfg-1","Erythroid"
"ddmjkhih-1","Erythroid"
"ddmkopmi-1","Erythroid"
"ddmmddfm-1","Erythroid"
"ddndeeoh-1","Erythroid"
"ddnfnnhb-1","Erythroid"
"ddngfaig-1","Erythroid"
"ddngkdpi-1","Erythroid"
"ddnhaggn-1","Erythroid"
"ddnhoedo-1","Erythroid"
"ddnimjlp-1","Erythroid"
"ddnjeamm-1","Erythroid"
"ddnjjape-1","Erythroid"
"ddnkbnpp-1","Erythroid"
"ddocjdol-1","Plasma_cell"
"ddoecoih-1","Erythroid"
"ddofeddp-1","Erythroid"
"ddofejdi-1","Erythroid"
"ddokbjdj-1","HSC"
"ddonelfa-1","Plasma_cell"
"ddonojci-1","Erythroid"
"ddoohnma-1","Erythroid"
"ddpcedbo-1","Granulocyte_monocyte_progenitor"
"ddpcekia-1","Plasma_cell"
"ddpoaplg-1","Erythroid"
"ddpobfmc-1","Erythroid"
"ddpodibh-1","Erythroid"
"deageobd-1","Erythroid"
"debaajgh-1","Granulocyte_monocyte_progenitor"
"debcefel-1","HSC"
"debdolaj-1","Erythroid"
"debfjdbl-1","Erythroid"
"decaamob-1","Erythroid"
"decdhdcd-1","Erythroid"
"decnjpon-1","Erythroid"
"deeghnjg-1","Erythroid"
"degjompm-1","Erythroid"
"dehbdfia-1","Erythroid"
"dehcadho-1","Erythroid"
"dehmleij-1","Erythroid"
"dekopbnm-1","Granulocyte_monocyte_progenitor"
"denpbela-1","MonoCD16"
"dfagbeeh-1","Erythroid"
"dfdbhmne-1","Erythroid"
"dfddkaci-1","HSC"
"dfdnfhlp-1","Erythroid"
"dfeaeiil-1","Erythroid"
"dfidkcgm-1","Erythroid"
"dfigpeje-1","Erythroid"
"dfiikefo-1","Erythroid"
"dfijccid-1","Erythroid"
"dfjcfaah-1","Erythroid"
"dfkmkglc-1","Erythroid"
"dfldkpop-1","B_progenitor"
"dflhpjdk-1","Erythroid"
"dfllocdk-1","Erythroid"
"dfmbihjd-1","B_progenitor"
"dfnhemik-1","Erythroid"
"dfnhkbch-1","Erythroid"
"dfonpdie-1","Erythroid"
"dfopbknm-1","Erythroid"
"dfopkfao-1","Erythroid"
"dfpacdob-1","Erythroid"
"dfpbmepb-1","Erythroid"
"dfpkjdhb-1","Erythroid"
"dfpklmhj-1","Erythroid"
"dgcapgab-1","Erythroid"
"dgcipgbb-1","HSC"
"dgdcfjic-1","Erythroid"
"dgdgmhof-1","Erythroid"
"dgganihp-1","Erythroid"
"dggggdja-1","Erythroid"
"dghobild-1","Erythroid"
"dgilgcno-1","Erythroid"
"dgjbebcp-1","Erythroid"
"dgjiahko-1","Erythroid"
"dgjlaafc-1","Erythroid"
"dgjllknf-1","Erythroid"
"dgjmbkgm-1","Erythroid"
"dgjmldpp-1","Erythroid"
"dgjoaleo-1","Erythroid"
"dgjoallj-1","Erythroid"
"dgjpckal-1","Erythroid"
"dgkdioop-1","Erythroid"
"dgkeecek-1","Erythroid"
"dgkfgjde-1","Erythroid"
"dgkgdped-1","Erythroid"
"dgkkdgkf-1","Erythroid"
"dgkpjdpo-1","Erythroid"
"dgkpnekp-1","Erythroid"
"dglbcnbi-1","Erythroid"
"dglgmefh-1","Erythroid"
"dglpdimf-1","Erythroid"
"dgmcicln-1","HSC"
"dgmdioba-1","Erythroid"
"dgmhepap-1","Erythroid"
"dgmhfoap-1","HSC"
"dgnfahgk-1","HSC"
"dgnmfnei-1","Erythroid"
"dgnmhdbi-1","Erythroid"
"dgnmnllg-1","Erythroid"
"dgoiibme-1","Erythroid"
"dgoiopol-1","Erythroid"
"dhbojmco-1","Granulocyte_monocyte_progenitor"
"dhcehfjd-1","Erythroid"
"dhcempgh-1","pDC"
"dhchnjgn-1","Erythroid"
"dhcihgpi-1","Granulocyte_monocyte_progenitor"
"dhdjbbmd-1","CD8_T_memory"
"dhdklocg-1","Erythroid"
"dheieldf-1","Erythroid"
"dhemalpi-1","Plasma_cell"
"dhidhiag-1","Erythroid"
"dhihmfpf-1","Erythroid"
"dhjlhejo-1","Erythroid"
"dhkpnckn-1","Erythroid"
"dhnidkde-1","Erythroid"
"dhofjcgm-1","Erythroid"
"dhoglkpn-1","Erythroid"
"dhomcjbp-1","Erythroid"
"dhpjjaen-1","HSC"
"dhpkkibd-1","Granulocyte_monocyte_progenitor"
"dhpobbef-1","Erythroid"
"dieljdji-1","Erythroid"
"digahjkg-1","MonoCD14"
"digbmhcm-1","MonoCD14"
"digiemng-1","B_progenitor"
"diiolpdg-1","Erythroid"
"dikhemff-1","Erythroid"
"dilhehlj-1","Erythroid"
"diloafcl-1","Erythroid"
"dimjjakd-1","Erythroid"
"dimjjmno-1","Erythroid"
"dimjnkap-1","Erythroid"
"dimlohea-1","HSC"
"dimmbkkl-1","HSC"
"diniopii-1","Erythroid"
"dinjioci-1","Erythroid"
"dinojlnd-1","Erythroid"
"dinpapol-1","Erythroid"
"dinpkpgl-1","Erythroid"
"dioaiffp-1","Erythroid"
"diobkhmo-1","Erythroid"
"diocpblh-1","Erythroid"
"dipflmdi-1","Erythroid"
"djajmiei-1","Erythroid"
"djccdpif-1","Erythroid"
"djdgkeeb-1","Erythroid"
"djfafbil-1","Erythroid"
"djfkcong-1","Erythroid"
"djfngcno-1","Erythroid"
"djfnhgdl-1","Erythroid"
"djfpfaam-1","Erythroid"
"djgbjnlm-1","Erythroid"
"djgjphmi-1","Erythroid"
"djglllca-1","Erythroid"
"djhkecle-1","Erythroid"
"djianbmp-1","Erythroid"
"djiaoddp-1","Erythroid"
"djiecfph-1","Erythroid"
"djigplek-1","Erythroid"
"djihfmph-1","Erythroid"
"djimmgpa-1","Erythroid"
"djinemfm-1","Erythroid"
"djinjbfb-1","Erythroid"
"djinpapg-1","Erythroid"
"djkbcjff-1","Erythroid"
"djkbdkgk-1","Erythroid"
"djkolfmo-1","Erythroid"
"djmfeebj-1","HSC"
"djodjbgl-1","Erythroid"
"djpahkci-1","Granulocyte_monocyte_progenitor"
"djpoakmc-1","Erythroid"
"dkahjbfa-1","Erythroid"
"dkcafcab-1","Plasma_cell"
"dkdejjhb-1","HSC"
"dkdjjdnp-1","MonoCD14"
"dkeaijfc-1","Granulocyte_monocyte_progenitor"
"dkgfijog-1","Erythroid"
"dkgjjhki-1","Erythroid"
"dkgogjpj-1","Erythroid"
"dkhbfcbe-1","Erythroid"
"dkhbmkpm-1","Erythroid"
"dkhgldma-1","Erythroid"
"dkhgpkma-1","HSC"
"dkhlimmc-1","Erythroid"
"dkhllehe-1","Erythroid"
"dkhmphek-1","Erythroid"
"dkhniool-1","HSC"
"dkigflii-1","Erythroid"
"dkihlbcd-1","Erythroid"
"dkiogaim-1","Erythroid"
"dkjnpdfj-1","Erythroid"
"dkkedeaj-1","Erythroid"
"dkknfnef-1","Erythroid"
"dkkngibj-1","Erythroid"
"dkkoplif-1","Erythroid"
"dklcekbk-1","Erythroid"
"dknaieoe-1","Erythroid"
"dknbddok-1","Erythroid"
"dknbiclj-1","Erythroid"
"dladabkl-1","Erythroid"
"dldnioog-1","Erythroid"
"dlejppfm-1","Erythroid"
"dlfoibgc-1","Erythroid"
"dlibfefe-1","Erythroid"
"dllndpfb-1","Erythroid"
"dlmaobme-1","Erythroid"
"dlmefing-1","Erythroid"
"dlnacckd-1","MonoCD14"
"dlocbkdl-1","Erythroid"
"dmdfdoap-1","Erythroid"
"dmdnhcnf-1","Erythroid"
"dmecepap-1","Erythroid"
"dmeejbdd-1","Plasma_cell"
"dmffgcgf-1","Erythroid"
"dmggkkbf-1","HSC"
"dmgjocpe-1","HSC"
"dmgmcjnp-1","Erythroid"
"dmhgilog-1","Erythroid"
"dmhleanh-1","HSC"
"dmhlhocb-1","Erythroid"
"dmhphcmd-1","HSC"
"dmibghle-1","Erythroid"
"dmickdpc-1","Erythroid"
"dmihhocm-1","HSC"
"dmiicgnn-1","MonoCD14"
"dmjelhlk-1","Erythroid"
"dmjfhkfg-1","Erythroid"
"dmjomjgh-1","Plasma_cell"
"dmkaagke-1","Erythroid"
"dmkbalnm-1","Plasma_cell"
"dmkjlfhp-1","Erythroid"
"dmkkmbco-1","Erythroid"
"dmkofglm-1","Erythroid"
"dmkognoi-1","Erythroid"
"dmljglao-1","Platelet"
"dmmajbdd-1","Erythroid"
"dmmimibn-1","Granulocyte_monocyte_progenitor"
"dmnbmmcm-1","HSC"
"dmncgdjf-1","Erythroid"
"dmnfhiml-1","Granulocyte_monocyte_progenitor"
"dmnfodof-1","Granulocyte_monocyte_progenitor"
"dmnghdej-1","HSC"
"dmnjhaok-1","Erythroid"
"dmnkhdja-1","Erythroid"
"dmnkjeng-1","Erythroid"
"dmofkjjm-1","HSC"
"dmomnhkp-1","HSC"
"dnahegeb-1","Erythroid"
"dnbbiiol-1","Erythroid"
"dnblfgpm-1","Erythroid"
"dndakndn-1","Erythroid"
"dndceagj-1","Plasma_cell"
"dndcnlbg-1","Erythroid"
"dneaieme-1","MonoCD14"
"dneklmlp-1","MonoCD14"
"dnendnge-1","Granulocyte_monocyte_progenitor"
"dnfffmdm-1","Erythroid"
"dngbpopo-1","Erythroid"
"dnkfgnfj-1","Erythroid"
"dodhbnla-1","Erythroid"
"dodljhfn-1","Granulocyte_monocyte_progenitor"
"doedobbi-1","Erythroid"
"doeihinb-1","Erythroid"
"dpfcejic-1","Erythroid"
"dphkffel-1","HSC"
"dpogcocn-1","Erythroid"
"ebdcniih-1","Platelet"
"ebdijfml-1","Erythroid"
"ebelpfon-1","Erythroid"
"ebennejh-1","Erythroid"
"ebepdlof-1","T_prolifer"
"ebepihpk-1","pDC"
"ebfcneeb-1","Erythroid"
"ebfhhopk-1","Erythroid"
"ebfidibi-1","Erythroid"
"ebfmpfmj-1","Erythroid"
"ebfogohp-1","Erythroid"
"ebfpjimo-1","Erythroid"
"ebfplgkp-1","Erythroid"
"ebgahomn-1","CD4_T_naive"
"ebgeblna-1","pDC"
"ebggpjpd-1","Erythroid"
"ebgidhcj-1","Erythroid"
"ebgioglj-1","Erythroid"
"ebgjgdgh-1","Erythroid"
"ebjkhabb-1","Erythroid"
"ebkhfaae-1","Erythroid"
"ebloffom-1","MonoCD14"
"ebmbkdhh-1","MonoCD14"
"ebngngeg-1","Erythroid"
"ebojlpcn-1","Platelet"
"eccjpgab-1","Erythroid"
"eccknfoe-1","Erythroid"
"eccmeapc-1","Erythroid"
"eccodpoj-1","Erythroid"
"eccofpal-1","Erythroid"
"ecdaogce-1","Plasma_cell"
"ecdcjioo-1","pDC"
"ecdcknal-1","Erythroid"
"ecdfcgoj-1","MonoCD14"
"ecdhgokb-1","Erythroid"
"ecdhofdg-1","Erythroid"
"ecdibpdl-1","Erythroid"
"ecdigang-1","Erythroid"
"edkfkmbn-1","Platelet"
"edkjcdcn-1","Granulocyte_monocyte_progenitor"
"edkjnabc-1","Erythroid"
"edmhgjom-1","Erythroid"
"edpfoldc-1","Platelet"
"eealmegn-1","Erythroid"
"eebdekak-1","Erythroid"
"eeihoahe-1","Platelet"
"efficilm-1","Erythroid"
"ehbeihee-1","Erythroid"
"ehbmlhal-1","B_progenitor"
"ehcfeedg-1","Erythroid"
"ehdbcaac-1","Erythroid"
"ehdcagha-1","Erythroid"
"ehdpiajp-1","MonoCD14"
"ehgamlen-1","Erythroid"
"ehgfhefp-1","Erythroid"
"ehgfldlk-1","Erythroid"
"ehgjblhd-1","HSC"
"ehlkgdmo-1","Erythroid"
"ehocbecc-1","Erythroid"
"ehochelf-1","Erythroid"
"eimodcac-1","Erythroid"
"eiogkpgo-1","Erythroid"
"ejiildpc-1","Erythroid"
"ekanfcpp-1","NK_cell"
"ekhmajah-1","Erythroid"
"emebbdli-1","Erythroid"
"emfcdomj-1","Erythroid"
"emffiofi-1","Erythroid"
"emgnblac-1","Erythroid"
"empkcage-1","Erythroid"
"empkgcil-1","Erythroid"
"enabemom-1","Erythroid"
"enabnkan-1","Erythroid"
"eoogklhl-1","Erythroid"
"eoohikbk-1","MonoCD14"
"eopbhmhf-1","Erythroid"
"epcilbhc-1","Erythroid"
"epcjghci-1","Erythroid"
"epddalnd-1","Erythroid"
"epemhmpb-1","Erythroid"
"epjjmoea-1","Erythroid"
"epkpemlc-1","HSC"
"epmechki-1","B_memory"
"fabffgho-1","Platelet"
"fabppijb-1","Erythroid"
"faeihihc-1","Erythroid"
"fajeifln-1","HSC"
"falcoapo-1","Erythroid"
"fapliidl-1","Erythroid"
"fbckgkjg-1","Granulocyte_monocyte_progenitor"
"fbckobbl-1","Platelet"
"fbkmjegp-1","Erythroid"
"fchbeikh-1","Erythroid"
"fcjbippa-1","Erythroid"
"fcjcpjji-1","HSC"
"fdaeocbj-1","Platelet"
"fdbmakfh-1","Erythroid"
"fdbmdfom-1","Erythroid"
"fdcdkjnd-1","Erythroid"
"fdcfmdkk-1","Erythroid"
"fdehafik-1","Erythroid"
"fdhefddk-1","Erythroid"
"fdmghffe-1","Erythroid"
"fdnbmbkk-1","Erythroid"
"fdnbneeg-1","Erythroid"
"fdnihnao-1","Erythroid"
"fdomgmcl-1","Erythroid"
"fdpabkif-1","Erythroid"
"fefkokld-1","Erythroid"
"fegndddl-1","Platelet"
"feiejhdj-1","Platelet"
"felmflkj-1","Erythroid"
"femdkbmc-1","B_progenitor"
"feniphgb-1","Erythroid"
"ffaggnob-1","HSC"
"ffcaobdc-1","Erythroid"
"ffccdngm-1","Erythroid"
"ffdibmah-1","Erythroid"
"ffdjohio-1","Erythroid"
"ffdoofkd-1","Erythroid"
"ffdpmphi-1","Erythroid"
"ffikllcc-1","Erythroid"
"ffilacim-1","Erythroid"
"ffmcclmf-1","Erythroid"
"ffpblcck-1","Erythroid"
"ffpmffpa-1","HSC"
"fgaaeakj-1","HSC"
"fgadolkp-1","Erythroid"
"fgafneab-1","Erythroid"
"fgbeeeln-1","Erythroid"
"fgcimjlj-1","Plasma_cell"
"fgeheaag-1","Erythroid"
"fggjoodd-1","Erythroid"
"fghgjhnp-1","Erythroid"
"fghngpkd-1","Erythroid"
"fgilofde-1","Erythroid"
"fgionhfn-1","Erythroid"
"fgohfhhl-1","Erythroid"
"fhcehgkl-1","Platelet"
"fhdldldi-1","Erythroid"
"fheijapb-1","Erythroid"
"fhgabgel-1","Erythroid"
"fhhbkkpb-1","Erythroid"
"fhhibeog-1","Erythroid"
"fhhplfao-1","Erythroid"
"fhjgbmoc-1","Granulocyte_monocyte_progenitor"
"fhjghecp-1","MonoCD14"
"fhoojhai-1","HSC"
"fhopncie-1","Erythroid"
"fhpboajn-1","Erythroid"
"fiaokojl-1","Granulocyte_monocyte_progenitor"
"fibofpen-1","Erythroid"
"ficabfga-1","Erythroid"
"ficffoak-1","Erythroid"
"fieijgja-1","Granulocyte_monocyte_progenitor"
"fiellhgo-1","Erythroid"
"figigjmh-1","HSC"
"figmllhj-1","Erythroid"
"figolfcf-1","Platelet"
"figpbaoh-1","Erythroid"
"fihhimml-1","Erythroid"
"fihjlkje-1","Erythroid"
"fiijhabp-1","Granulocyte_monocyte_progenitor"
"fijbmmdo-1","HSC"
"finogngj-1","Erythroid"
"fipnilgd-1","Erythroid"
"fjajciof-1","Erythroid"
"fjamofbp-1","Erythroid"
"fjemoeef-1","B_progenitor"
"fjenidmg-1","Erythroid"
"fjfcomal-1","Plasma_cell"
"fjfdifna-1","Plasma_cell"
"fjfpblmn-1","Erythroid"
"fjfpfelb-1","Granulocyte_monocyte_progenitor"
"fjhhjlfn-1","Erythroid"
"fjhiaknc-1","Erythroid"
"fjhibmfc-1","Erythroid"
"fjhjmkne-1","Erythroid"
"fjilghph-1","Erythroid"
"fjimihko-1","Erythroid"
"fjjanccf-1","Granulocyte_monocyte_progenitor"
"fjjbjglm-1","Erythroid"
"fjjonpfg-1","Plasma_cell"
"fjkabemp-1","Plasma_cell"
"fjkdnjpo-1","HSC"
"fjlagfmb-1","Erythroid"
"fjldmmgi-1","Erythroid"
"fjlednkk-1","Erythroid"
"fjlpkiem-1","Granulocyte_monocyte_progenitor"
"fjmdkphk-1","Erythroid"
"fjmfikdh-1","Granulocyte_monocyte_progenitor"
"fjmgpmie-1","Erythroid"
"fjnnppim-1","Erythroid"
"fjoakajo-1","Erythroid"
"fjocoimf-1","Erythroid"
"fjocpico-1","Erythroid"
"fjofpnap-1","Erythroid"
"fjoihkdo-1","Erythroid"
"fjolgjjh-1","HSC"
"fjoncfgh-1","Platelet"
"fkbfejjb-1","Erythroid"
"fkfhadha-1","Erythroid"
"fkfncchm-1","HSC"
"fkgkflco-1","Erythroid"
"fkgkgpfk-1","Erythroid"
"fkgnbpfk-1","HSC"
"fkgpndgp-1","Erythroid"
"fkigelig-1","Erythroid"
"fklkfonh-1","Erythroid"
"fklolgcl-1","Erythroid"
"fkmbendo-1","Platelet"
"fkmbmjdg-1","Platelet"
"fkmbnpmh-1","Platelet"
"fkmcpoaf-1","Erythroid"
"fkmdklfb-1","Erythroid"
"fkmnkbfn-1","Platelet"
"fknclgeg-1","Erythroid"
"fkodoaco-1","Erythroid"
"fkopcbpb-1","Erythroid"
"fkophhgf-1","Erythroid"
"fkpbmfbm-1","pDC"
"fkphdgnh-1","Granulocyte_monocyte_progenitor"
"fldimcam-1","Erythroid"
"flnbdkfm-1","Erythroid"
"flnemjni-1","Erythroid"
"flomnofc-1","Erythroid"
"fmamopga-1","Erythroid"
"fmbajagp-1","Erythroid"
"fmbaoaje-1","Erythroid"
"fmbbhbpk-1","Plasma_cell"
"fmbbnphl-1","Erythroid"
"fmceinaa-1","Platelet"
"fmcekabi-1","Platelet"
"fmcgeden-1","Erythroid"
"fmeimmla-1","Erythroid"
"fmeoegbk-1","Erythroid"
"fmfnmpkd-1","Erythroid"
"fmfopilo-1","Erythroid"
"fmgimbpf-1","Granulocyte_monocyte_progenitor"
"fmgopclh-1","Erythroid"
"fmhaiddc-1","Erythroid"
"fmhpboja-1","Erythroid"
"fmicjcln-1","Erythroid"
"fmjimncj-1","Erythroid"
"fmjjagpf-1","Erythroid"
"fmnblbkh-1","HSC"
"fmnehnjf-1","MonoCD14"
"fmnellpn-1","Erythroid"
"fmnfdghg-1","Plasma_cell"
"fmnhcbgb-1","Erythroid"
"fmnhcblg-1","Erythroid"
"fmnhkimp-1","Erythroid"
"fmnhoecp-1","HSC"
"fmnieeco-1","Erythroid"
"fmnjhndh-1","Erythroid"
"fmnjicce-1","Erythroid"
"fmnjppba-1","Erythroid"
"fmnkcbak-1","Erythroid"
"fmnkdcca-1","Erythroid"
"fmnkfobb-1","Erythroid"
"fmnkpkfh-1","Erythroid"
"fmnlofhg-1","Erythroid"
"fmnlpkea-1","Erythroid"
"fmnmiina-1","Erythroid"
"fmobpdol-1","HSC"
"fmogijco-1","Granulocyte_monocyte_progenitor"
"fmpkpfpf-1","Erythroid"
"fnacjahc-1","Erythroid"
"fnamcdgm-1","Erythroid"
"fnbeogip-1","Erythroid"
"fndacfnn-1","Erythroid"
"fndcnglk-1","Erythroid"
"fnhmhlca-1","Erythroid"
"fniacanc-1","Erythroid"
"fnidciic-1","Erythroid"
"fnjgihhf-1","Plasma_cell"
"fnkjmloh-1","Erythroid"
"fnnlalgo-1","Erythroid"
"fobplgnd-1","Plasma_cell"
"focaijie-1","Plasma_cell"
"focchmln-1","MonoCD14"
"foipofod-1","Erythroid"
"fomkimjo-1","Erythroid"
"fomnpdhk-1","Erythroid"
"fpabhchh-1","Platelet"
"fpaggiga-1","Erythroid"
"fpaollni-1","Erythroid"
"fpapnalh-1","Erythroid"
"fpbddmnh-1","Erythroid"
"fpbilmgb-1","Erythroid"
"fpbnmhhc-1","Erythroid"
"fpgalphn-1","Erythroid"
"fpgapemp-1","Erythroid"
"fpgcijop-1","Erythroid"
"fpgdaipd-1","Erythroid"
"fpgeeghp-1","Erythroid"
"fpgffima-1","Erythroid"
"fphckdgl-1","Erythroid"
"fpjimiio-1","Erythroid"
"fplhpmph-1","Erythroid"
"fpljnikj-1","Erythroid"
"gabcpmhk-1","MonoCD14"
"gabddceg-1","Erythroid"
"gablefap-1","Erythroid"
"gacgbelh-1","Erythroid"
"gaghdahg-1","Erythroid"
"gamjigam-1","Erythroid"
"gankbdbo-1","Erythroid"
"gbeepdle-1","Erythroid"
"gbljlofp-1","MonoCD14"
"gbnepjen-1","Erythroid"
"gbpccili-1","Erythroid"
"gbpidjbg-1","Erythroid"
"gbpjdpem-1","Erythroid"
"gcakdmdc-1","Plasma_cell"
"gcaoebeo-1","Erythroid"
"gccljcce-1","Plasma_cell"
"gccmnjpb-1","Erythroid"
"gchickfi-1","Erythroid"
"gcjmohon-1","Plasma_cell"
"gckhjgpl-1","Granulocyte_monocyte_progenitor"
"gcmmnffb-1","Platelet"
"gcnchmai-1","Erythroid"
"gdalknfn-1","Granulocyte_monocyte_progenitor"
"gdgemjdj-1","Erythroid"
"gdkjjigi-1","B_memory"
"gdkobeen-1","Erythroid"
"gdkofmkm-1","Erythroid"
"gdlfjlfg-1","Erythroid"
"gdlgcpfc-1","Erythroid"
"gdmfginj-1","Erythroid"
"gebbegpg-1","Erythroid"
"gedppkdo-1","Erythroid"
"gekajdea-1","HSC"
"gekdbpge-1","HSC"
"gelmjpgg-1","Erythroid"
"gemgmggl-1","HSC"
"gemonbjp-1","Erythroid"
"gemopfcj-1","Erythroid"
"genaeicm-1","Erythroid"
"genfljgj-1","Erythroid"
"genomddg-1","Erythroid"
"genpefle-1","HSC"
"geodgmaj-1","Erythroid"
"geodjhdh-1","Plasma_cell"
"geodocib-1","Granulocyte_monocyte_progenitor"
"geogecoj-1","Erythroid"
"geoggnnn-1","Erythroid"
"geokkjhi-1","B_progenitor"
"geoobpao-1","B_memory"
"gepcnemk-1","Erythroid"
"gepfcmam-1","Plasma_cell"
"gepgdmji-1","MonoCD14"
"gepicigh-1","HSC"
"gepkidfb-1","CD8_T_memory"
"geppefie-1","Erythroid"
"gfaheffk-1","Granulocyte_monocyte_progenitor"
"gfakdfoe-1","Plasma_cell"
"gfeooeid-1","HSC"
"gffbloin-1","Erythroid"
"gfficnki-1","Erythroid"
"gffinmca-1","Erythroid"
"gffjmbdm-1","MonoCD14"
"gfgblche-1","Erythroid"
"gfgenghg-1","Erythroid"
"gfggebjl-1","Erythroid"
"gfggmmak-1","Erythroid"
"gfhhbncb-1","Erythroid"
"gfhhcgii-1","Erythroid"
"gfhnfnle-1","Erythroid"
"gfhodnoj-1","Erythroid"
"gfijjeoc-1","Erythroid"
"gfikmoag-1","Erythroid"
"gfiojomc-1","Erythroid"
"gfjkfnjk-1","Erythroid"
"gfjlppko-1","Erythroid"
"gfjmlcij-1","Erythroid"
"gfjnkbjn-1","Erythroid"
"gfkcadlf-1","Erythroid"
"gfkdcmoc-1","Erythroid"
"gfkdgdcn-1","Erythroid"
"gfkmhjnk-1","Erythroid"
"gfkmpaop-1","Erythroid"
"gfkojokf-1","Erythroid"
"gfkpiffe-1","Erythroid"
"gflaiaic-1","MonoCD14"
"gfldhdmb-1","Erythroid"
"gflheihe-1","Erythroid"
"gflkhinn-1","Erythroid"
"gfllgigp-1","Erythroid"
"gfmgmjok-1","Granulocyte_monocyte_progenitor"
"gfnelbfo-1","Erythroid"
"gfnffdbi-1","Erythroid"
"gfngbcof-1","Erythroid"
"gfobkbca-1","HSC"
"gfobnapk-1","Erythroid"
"gfohpjop-1","Erythroid"
"gfpaneik-1","Erythroid"
"gfpdlepo-1","Erythroid"
"gfpfhfoe-1","CD4_T_naive"
"ggachlda-1","Erythroid"
"ggadhadc-1","Erythroid"
"ggajhbcg-1","Erythroid"
"ggajlmam-1","HSC"
"ggamemab-1","HSC"
"ggbammpk-1","Granulocyte_monocyte_progenitor"
"ggbenkdc-1","Erythroid"
"ggbfjgop-1","Erythroid"
"ggbhnbpp-1","Erythroid"
"ggckfgep-1","Erythroid"
"ggclpbpm-1","Erythroid"
"ggcmhnei-1","Erythroid"
"ggcnkbjc-1","Erythroid"
"ggcoadnj-1","Erythroid"
"ggcoenag-1","Erythroid"
"ggdaffdo-1","Erythroid"
"ggdancci-1","Erythroid"
"ggdandhm-1","Erythroid"
"ggdcpcfc-1","Erythroid"
"ggdghnjc-1","Erythroid"
"ggdhajeo-1","Erythroid"
"ggdiafea-1","Erythroid"
"ggdibail-1","Erythroid"
"ggdnejfe-1","Erythroid"
"ggecihek-1","Erythroid"
"ggffedjd-1","Erythroid"
"ggfiahkj-1","Erythroid"
"ggfmpcgp-1","Erythroid"
"gggoiiem-1","Erythroid"
"ggimaopa-1","HSC"
"ggkkbobc-1","Erythroid"
"ggkmmnel-1","Erythroid"
"ggkpkbmo-1","Erythroid"
"gglacnfe-1","Erythroid"
"ggmdjhjc-1","Erythroid"
"ggmnlonj-1","Erythroid"
"ggnhpopp-1","Erythroid"
"ggnikgcc-1","Erythroid"
"ggobbhoj-1","Erythroid"
"ggobepnb-1","Erythroid"
"ggohgdnh-1","Erythroid"
"ggpdkfhe-1","Erythroid"
"ggpfcaie-1","Erythroid"
"ggplggcm-1","Erythroid"
"ghaabcgf-1","Erythroid"
"ghahfafn-1","Erythroid"
"ghajapco-1","Erythroid"
"ghajbbbp-1","Erythroid"
"ghajbccj-1","Erythroid"
"ghamcnlg-1","Erythroid"
"ghaomdah-1","Erythroid"
"ghbbgejh-1","Plasma_cell"
"ghbbmecj-1","Erythroid"
"ghbbnnhi-1","Platelet"
"ghbdohfe-1","pDC"
"ghbooohe-1","Erythroid"
"ghcbhobh-1","Erythroid"
"ghcbnkbl-1","Erythroid"
"ghcgedni-1","MonoCD14"
"ghcjbpkp-1","Erythroid"
"ghcjmjgf-1","Erythroid"
"ghckmijn-1","B_progenitor"
"ghclbjdg-1","Granulocyte_monocyte_progenitor"
"ghcmejhn-1","Erythroid"
"ghdajhhi-1","Erythroid"
"ghdcfkdj-1","Erythroid"
"ghdnieaa-1","Erythroid"
"ghdogggd-1","MonoCD16"
"gheampin-1","HSC"
"gheebigi-1","Erythroid"
"ghegpihn-1","pDC"
"ghfgplfj-1","Erythroid"
"ghicjbkp-1","Erythroid"
"ghjicanc-1","Erythroid"
"ghmnacgl-1","Erythroid"
"ghnbfpcj-1","Erythroid"
"ghohdbge-1","Platelet"
"ghpeecfh-1","Platelet"
"gidhonoh-1","Platelet"
"gifohhjh-1","Erythroid"
"giglfgcp-1","Erythroid"
"gihpepof-1","HSC"
"giicdhip-1","Erythroid"
"giicginb-1","Platelet"
"giicnbgp-1","Platelet"
"giihiemc-1","Platelet"
"gijagldj-1","Erythroid"
"gikbmjoc-1","Platelet"
"gilgndop-1","Platelet"
"ginhpold-1","pDC"
"ginigbnc-1","MonoCD14"
"gipkjgeg-1","Erythroid"
"gjbgpigl-1","B_progenitor"
"gjbhanoo-1","Erythroid"
"gjbkpajl-1","pDC"
"gjcdcikj-1","MonoCD14"
"gjcocbka-1","Erythroid"
"gjdhlcen-1","MonoCD14"
"gjfggcgo-1","Erythroid"
"gkbbooko-1","Platelet"
"gkbcpolk-1","Platelet"
"gkfaiahd-1","Erythroid"
"gkimgink-1","Erythroid"
"gkjodabi-1","Erythroid"
"gkkeipec-1","pDC"
"gkknkcei-1","Platelet"
"gkkofkmb-1","Platelet"
"gkkopdio-1","Platelet"
"gklccoio-1","Erythroid"
"gklcehfa-1","Platelet"
"gkpgjinl-1","Platelet"
"glacpdba-1","Platelet"
"glcalnej-1","HSC"
"gldkmikm-1","Platelet"
"glndoemm-1","Platelet"
"gmfgdpfo-1","Platelet"
"gmidmcan-1","Platelet"
"gnbibapj-1","CD8_T_naive"
"gnblodkh-1","Platelet"
"gncjmnfe-1","pDC"
"gndapooe-1","HSC"
"gngcpcbl-1","Erythroid"
"gnhddkib-1","Plasma_cell"
"gnhpbbme-1","Platelet"
"gnipgolo-1","NK_cell"
"gnjadlol-1","Erythroid"
"gnjpogbd-1","Erythroid"
"gnlliklf-1","Erythroid"
"gnnmcnlo-1","B_progenitor"
"gnohpnhh-1","CD4_T_naive"
"gnoikhdf-1","Plasma_cell"
"gohmbppo-1","Platelet"
"gohmnmmf-1","Platelet"
"gohnebho-1","Platelet"
"goknacam-1","Plasma_cell"
"gomnanba-1","MonoCD16"
"goniihpo-1","pDC"
"gonomcma-1","Erythroid"
"gpfmfalj-1","Erythroid"
"gphlenlo-1","Platelet"
"gphmkcpd-1","Platelet"
"gpkjifhc-1","HSC"
"gplogbdk-1","HSC"
"haaaahpk-1","Erythroid"
"habcdeal-1","Erythroid"
"habpdadi-1","Platelet"
"hacfgdic-1","Erythroid"
"hacmghbo-1","Platelet"
"hacmhjgk-1","Erythroid"
"hacmloop-1","Platelet"
"hacngfll-1","Platelet"
"hadgcblg-1","Erythroid"
"hafcloch-1","Platelet"
"hahlceog-1","Platelet"
"haildimd-1","Erythroid"
"hakpobha-1","Platelet"
"halaence-1","Platelet"
"hankhhjm-1","Platelet"
"hanofibk-1","Platelet"
"haolnmne-1","Erythroid"
"haopkjjf-1","Erythroid"
"hapdfmhb-1","Platelet"
"happbikj-1","Erythroid"
"hbakkeno-1","B_progenitor"
"hbneffhp-1","Platelet"
"hbpmpgoa-1","Erythroid"
"hcajlogc-1","HSC"
"hcfkhgbh-1","Platelet"
"hcfloeko-1","Platelet"
"hcgnefac-1","Platelet"
"hcgnohhk-1","Platelet"
"hcgoaccc-1","Platelet"
"hchmpokd-1","Platelet"
"hciaehdj-1","Erythroid"
"hcidllbh-1","Platelet"
"hcieokgf-1","Platelet"
"hdanpidh-1","Platelet"
"hdehhkeg-1","MonoCD14"
"hdejcech-1","pDC"
"hdejhlpo-1","MonoCD16"
"hdfedoai-1","Platelet"
"hdffhlck-1","Plasma_cell"
"hdfkjbmh-1","Platelet"
"hdhjmmlk-1","Platelet"
"hdhkjopb-1","Platelet"
"hdhldhcm-1","Platelet"
"hdifpkmm-1","Platelet"
"hdlgjaad-1","Platelet"
"hdmeolff-1","Platelet"
"hdmnfbhm-1","pDC"
"hdngmbdf-1","B_progenitor"
"hdpjffhb-1","Platelet"
"hedlahcn-1","Platelet"
"hefamiae-1","Platelet"
"hefcajfo-1","Platelet"
"hefccloh-1","Platelet"
"hefedfdp-1","Platelet"
"heffcpli-1","Platelet"
"hegkepfk-1","Platelet"
"hegkggge-1","Platelet"
"hephpedd-1","Platelet"
"hfahbhem-1","Platelet"
"hfdadbed-1","Platelet"
"hfhclnfl-1","Erythroid"
"hgaejcei-1","Platelet"
"hgafmckk-1","Platelet"
"hgopngkj-1","Erythroid"
"hgpffjpj-1","pDC"
"hhahmejh-1","B_memory"
"hhcaocmh-1","Erythroid"
"hhgjjoem-1","MonoCD16"
"hhklgmdj-1","B_memory"
"hiaamobi-1","Platelet"
"higioicn-1","Platelet"
"hiomgame-1","Platelet"
"hiondkcn-1","Platelet"
"hiopmhjk-1","Erythroid"
"hipaindi-1","Platelet"
"hipanebf-1","Platelet"
"hipifgfm-1","Platelet"
"hjhejaje-1","Platelet"
"hjjmehjn-1","Platelet"
"hjkbgkal-1","Granulocyte_monocyte_progenitor"
"hjkdpnhl-1","Platelet"
"hkbhnfng-1","Platelet"
"hkefcakh-1","Platelet"
"hkfmppie-1","Platelet"
"hkgejhdo-1","HSC"
"hledmaam-1","Platelet"
"hliopflf-1","Platelet"
"hljiekgi-1","HSC"
"hlonegna-1","Erythroid"
"hmolfimj-1","Platelet"
"hmolobcp-1","Platelet"
"hnlmbiad-1","T_prolifer"
"hongbkib-1","Platelet"
"hongdicm-1","Platelet"
"hpfckcfj-1","pDC"
"hpfkbpij-1","Erythroid"
"hphdbaml-1","Platelet"
"hplgkigf-1","Erythroid"
"iabmlgbe-1","Platelet"
"iaepdepg-1","Platelet"
"iagjfbnk-1","Platelet"
"iagkfjil-1","Platelet"
"iahbdegf-1","NK_cell"
"ibbjhgcp-1","Plasma_cell"
"ibflfbbc-1","B_progenitor"
"ibflfppe-1","Erythroid"
"ibgljofo-1","Platelet"
"ibhaeege-1","Platelet"
"ibnioojj-1","Platelet"
"ibnjilok-1","Platelet"
"icbillpk-1","Platelet"
"icbjmobm-1","Platelet"
"iccjlmjd-1","Erythroid"
"icdjggif-1","Erythroid"
"icdlodal-1","B_progenitor"
"icecojni-1","MonoCD14"
"iceknhen-1","Plasma_cell"
"iceppjhb-1","Plasma_cell"
"icfbjmdk-1","Erythroid"
"icfndlji-1","Erythroid"
"icgbaldh-1","Platelet"
"icgbefae-1","Platelet"
"icijcpbn-1","Platelet"
"icijeoll-1","Platelet"
"icikdkmj-1","Platelet"
"iciklhdc-1","Platelet"
"icjgfkhe-1","Platelet"
"icjjgdmm-1","Erythroid"
"icllnbib-1","Platelet"
"iclmlljj-1","Erythroid"
"icmjbnke-1","Erythroid"
"idadhdja-1","Platelet"
"idafmpck-1","Platelet"
"idkpjknb-1","Platelet"
"idmclgec-1","Platelet"
"idmcmbbg-1","Platelet"
"idobhneo-1","Platelet"
"idoddoeg-1","Platelet"
"iecpkjon-1","Platelet"
"ieijghdl-1","Platelet"
"iekboajm-1","Platelet"
"ielaofme-1","Platelet"
"iencjjcf-1","Platelet"
"ifajdope-1","HSC"
"ifapamem-1","Erythroid"
"iffndgje-1","Erythroid"
"ifgcadio-1","MonoCD16"
"ifggclmb-1","Erythroid"
"ifpbemgg-1","Platelet"
"ighnedai-1","Plasma_cell"
"igllbcge-1","Erythroid"
"igmaaane-1","B_progenitor"
"igonipfn-1","Platelet"
"ihbgaldk-1","Platelet"
"ihdebhie-1","pDC"
"ihdldebb-1","Platelet"
"ihehkfmc-1","Platelet"
"ihhbmeki-1","Platelet"
"ihhdjjpe-1","pDC"
"ihhmeboe-1","B_memory"
"ihmhaabe-1","Platelet"
"ihmhchpb-1","Platelet"
"iiafoaia-1","Erythroid"
"iibpcojd-1","pDC"
"iidkcpnh-1","Platelet"
"iidkdmgp-1","Platelet"
"iidkijbn-1","Platelet"
"iihfhhmb-1","Platelet"
"iimbpokp-1","Platelet"
"iiolaeeb-1","Erythroid"
"ijalahel-1","Platelet"
"ijalcgic-1","Platelet"
"ijanenpl-1","Platelet"
"ijanpopg-1","Platelet"
"ijaonhlf-1","Platelet"
"ijbhnbjl-1","Erythroid"
"ijbinnih-1","Platelet"
"ijbnejdb-1","Platelet"
"ijbpmpkk-1","Platelet"
"ijcamfji-1","Platelet"
"ijcbffgb-1","Platelet"
"ijehpafp-1","B_memory"
"ijfkcbde-1","Platelet"
"ijmcjfab-1","Platelet"
"ijnjdmal-1","pDC"
"ijoloobg-1","MonoCD16"
"ikahbhek-1","Platelet"
"ikahcehh-1","Platelet"
"ikicgehn-1","Platelet"
"ikkkeaoa-1","Erythroid"
"ikoianef-1","Platelet"
"ikonapig-1","MonoCD14"
"ikphpfgm-1","Platelet"
"iljdapnc-1","Platelet"
"ilmlobil-1","B_progenitor"
"ilnegpnc-1","Platelet"
"ilnomgbm-1","Platelet"
"ilnpcnph-1","Platelet"
"iloahoam-1","Platelet"
"ilphfcpb-1","Erythroid"
"imjfadli-1","Platelet"
"ingcpdhe-1","Platelet"
"iojdfkmh-1","NK_cell"
"iokjbpcl-1","HSC"
"iokkejmd-1","Platelet"
"ioniogbn-1","Erythroid"
"ionlbpkp-1","Platelet"
"ipgjghce-1","NK_cell"
"ipkcnojn-1","Platelet"
"ipkddbgb-1","Platelet"
"jaebgbip-1","Erythroid"
"jagdfmhc-1","Platelet"
"jbjlfahf-1","Platelet"
"jbkoiahk-1","NK_cell"
"jcladohm-1","Erythroid"
"jcmlpkaa-1","Platelet"
"jcmmjbnd-1","pDC"
"jcogbnef-1","Platelet"
"jddbfpch-1","B_progenitor"
"jdfniodc-1","Platelet"
"jdgcjokp-1","Platelet"
"jdhfobmd-1","Platelet"
"jdkpmkok-1","Erythroid"
"jdncocbh-1","B_progenitor"
"jdokdpbf-1","T_prolifer"
"jecdmnjo-1","Erythroid"
"jecfifae-1","Platelet"
"jehielfj-1","Erythroid"
"jeikpajo-1","Erythroid"
"jekeefef-1","Erythroid"
"jekekhgc-1","Erythroid"
"jepjhmhl-1","Granulocyte_monocyte_progenitor"
"jfbpbnnm-1","Platelet"
"jfdbchif-1","MonoCD16"
"jfddoodi-1","Plasma_cell"
"jfdeamlj-1","Plasma_cell"
"jfdfmodd-1","Erythroid"
"jfdhhebb-1","pDC"
"jfdmbfmc-1","Platelet"
"jfehkpfa-1","Erythroid"
"jfemglbo-1","Platelet"
"jfenbmbf-1","Platelet"
"jfgpikjk-1","Platelet"
"jfhaodin-1","Platelet"
"jfhbjpjk-1","Platelet"
"jfnmjmbd-1","Platelet"
"jfnncaea-1","Platelet"
"jfppghjn-1","Erythroid"
"jgafloke-1","Erythroid"
"jgbapgoi-1","Platelet"
"jgcbeomh-1","Platelet"
"jgcneabi-1","Platelet"
"jgecfind-1","Platelet"
"jgeckbim-1","Platelet"
"jgffplei-1","B_progenitor"
"jgleobgm-1","Platelet"
"jglobdhj-1","B_progenitor"
"jgoabdob-1","Platelet"
"jgoapkoi-1","Platelet"
"jgpabdep-1","Erythroid"
"jhcejbih-1","Platelet"
"jhfnbnnm-1","B_progenitor"
"jhkpibbd-1","B_memory"
"jibcfcgg-1","Erythroid"
"jibegfhp-1","Erythroid"
"jifbpapb-1","Granulocyte_monocyte_progenitor"
"jifjfbcf-1","T_prolifer"
"jikiaofo-1","Erythroid"
"jilhpdce-1","HSC"
"jinmffkh-1","Platelet"
"jjaogjee-1","Platelet"
"jjfkfadg-1","Erythroid"
"jjiidleg-1","MonoCD14"
"jjinbnkk-1","Platelet"
"jkffphah-1","Erythroid"
"jknjjnai-1","Erythroid"
"jlcpokcc-1","Erythroid"
"jmclipnd-1","Erythroid"
"jmgpadcf-1","Erythroid"
"jmhdcnbk-1","Erythroid"
"jmjdmgbp-1","Erythroid"
"jmmolepa-1","Erythroid"
"jmnknfil-1","Erythroid"
"jmooipeb-1","Platelet"
"jncofjnd-1","Erythroid"
"jnhapnob-1","Platelet"
"jnhiickp-1","Erythroid"
"jnhpbjaj-1","Platelet"
"jnihnjme-1","Erythroid"
"jodkeijb-1","Platelet"
"joooponj-1","Erythroid"
"jpjajfka-1","MonoCD16"
"jpjfdcla-1","MonoCD14"
"jpjflega-1","pDC"
"jpmmiipp-1","Erythroid"
"jpndiemd-1","Erythroid"
"jpocjpck-1","Erythroid"
"jpodoafl-1","Erythroid"
"jpphcibl-1","Erythroid"
"kabikcoj-1","MonoCD14"
"kabnmafg-1","pDC"
"kacdleki-1","B_progenitor"
"kadgppij-1","Erythroid"
"kafahidj-1","pDC"
"kaffejfg-1","pDC"
"kafgbeml-1","Plasma_cell"
"kafgddea-1","Erythroid"
"kafhdgni-1","pDC"
"kafhlcpm-1","HSC"
"kagbbmdn-1","Erythroid"
"kaggjbmg-1","pDC"
"kaibcbnm-1","HSC"
"kaibompc-1","T_prolifer"
"kaikigdi-1","Plasma_cell"
"kajchjgm-1","MonoCD14"
"kajcjomp-1","Erythroid"
"kajkiacn-1","Erythroid"
"kakjpicg-1","MonoCD14"
"kakkkjom-1","Granulocyte_monocyte_progenitor"
"kalaicjb-1","MonoCD14"
"kalbbmoj-1","pDC"
"kalcpefo-1","Erythroid"
"kbdemlmg-1","HSC"
"kbefidcl-1","Platelet"
"kbegcpdp-1","Platelet"
"kbeglfpc-1","Platelet"
"kbegnmgl-1","Platelet"
"kbgabkha-1","Platelet"
"kbgailla-1","Platelet"
"kbgdilfl-1","Platelet"
"kbgfpjfb-1","Platelet"
"kbhhehcc-1","Platelet"
"kbljodia-1","Erythroid"
"kboanlel-1","Platelet"
"kcchhpkk-1","Platelet"
"kcgjkfbj-1","Erythroid"
"kcglacjk-1","Erythroid"
"kckconbd-1","Erythroid"
"kckpdeai-1","Platelet"
"kdamjaef-1","Platelet"
"kdepgcib-1","Platelet"
"kdepjdpp-1","Platelet"
"kdghmkag-1","Platelet"
"kdiageck-1","Erythroid"
"kdobhknm-1","Platelet"
"kdoekeib-1","Platelet"
"kdofcnij-1","Platelet"
"kedcbfhp-1","Erythroid"
"kedclbpf-1","Granulocyte_monocyte_progenitor"
"kejlajdd-1","Plasma_cell"
"kfmohiao-1","Erythroid"
"kfmokaoh-1","Erythroid"
"kgbickfc-1","HSC"
"kgbmbijd-1","HSC"
"kgkbkigb-1","Platelet"
"kgolilcm-1","Platelet"
"khocnigi-1","T_prolifer"
"kicmmami-1","HSC"
"kifnfkbi-1","Platelet"
"kiihfhdp-1","Platelet"
"kiiiakhg-1","Platelet"
"kiipnfjc-1","Platelet"
"kijcafko-1","Platelet"
"kjcbnnbj-1","Platelet"
"kjobjbbg-1","Platelet"
"kjofmakp-1","Plasma_cell"
"kjpcdnic-1","Plasma_cell"
"kkbhgdnn-1","Platelet"
"kkbhjflk-1","Platelet"
"kkcefgnp-1","Erythroid"
"kkdmfkog-1","Platelet"
"kkfgaipa-1","Erythroid"
"klifdjme-1","Platelet"
"kllappdp-1","MonoCD14"
"kllcfabc-1","Granulocyte_monocyte_progenitor"
"kllfkddk-1","B_progenitor"
"kllfmifa-1","Erythroid"
"kllgeiob-1","Platelet"
"klliclbc-1","MonoCD14"
"klljlgof-1","MonoCD14"
"kllkacke-1","MonoCD14"
"kllkfgpi-1","MonoCD14"
"kllmnjpm-1","Plasma_cell"
"klonggmk-1","Plasma_cell"
"klpogglo-1","B_progenitor"
"kmaablcm-1","Platelet"
"kmfmiopm-1","Erythroid"
"kmgcjfca-1","B_progenitor"
"kmgdkonp-1","MonoCD16"
"kmhajobk-1","Erythroid"
"kmhifnok-1","Platelet"
"kmifcddd-1","Platelet"
"kmifeakk-1","Platelet"
"kmjdkkmm-1","Platelet"
"kmkiggag-1","Erythroid"
"kmlbgnpf-1","MonoCD14"
"kmlckbbp-1","MonoCD14"
"kmldecpf-1","MonoCD14"
"kmlepgig-1","MonoCD14"
"kmmlpgfc-1","Erythroid"
"knacbdgf-1","Erythroid"
"knceddnh-1","Plasma_cell"
"knceenci-1","pDC"
"knckkjgm-1","Plasma_cell"
"knefnbhd-1","Erythroid"
"knegaeij-1","MonoCD14"
"knehgjhe-1","Erythroid"
"knehlkhl-1","Plasma_cell"
"knfdjkdo-1","HSC"
"kngkomlf-1","Erythroid"
"knigiegi-1","Erythroid"
"knjfjoib-1","Erythroid"
"knkdkbpo-1","Platelet"
"knnoohfp-1","Erythroid"
"knnpekig-1","Plasma_cell"
"koapgaij-1","Erythroid"
"kobmnfol-1","Erythroid"
"kocphach-1","Platelet"
"kodamkkd-1","Erythroid"
"kodddbmk-1","HSC"
"koedkilp-1","Platelet"
"koeeaakl-1","Platelet"
"koeeanoc-1","Platelet"
"koghnhji-1","MonoCD14"
"koigmimm-1","HSC"
"kokhoaje-1","Platelet"
"kokinnko-1","Erythroid"
"koloikcm-1","B_memory"
"koofkofk-1","Platelet"
"kopejkbf-1","MonoCD14"
"kopfiljk-1","pDC"
"kopgcobj-1","Plasma_cell"
"kpbofpbc-1","Platelet"
"kpbopmai-1","Platelet"
"kpdpenci-1","Platelet"
"kpecfegf-1","Erythroid"
"kpepajio-1","Erythroid"
"kpfonodd-1","B_progenitor"
"kpgiiflh-1","Erythroid"
"kphfiikb-1","Erythroid"
"kpikpmhm-1","Platelet"
"kpilaige-1","Platelet"
"kpkddgcc-1","Erythroid"
"kpkeogcm-1","Erythroid"
"kpkhgjpb-1","Erythroid"
"kplkfadb-1","Erythroid"
"kpncjdlg-1","Erythroid"
"kpnkdcmh-1","Platelet"
"kpnmehhb-1","Erythroid"
"kpoeibpl-1","Erythroid"
"kpoeoaii-1","Erythroid"
"kpoknkmd-1","Erythroid"
"kpombpbe-1","Erythroid"
"laananbj-1","Erythroid"
"labadgfn-1","Platelet"
"labbfogj-1","Platelet"
"lablidod-1","Platelet"
"labmmkip-1","Platelet"
"labnimod-1","Platelet"
"ladiopoi-1","Erythroid"
"lafjanng-1","Platelet"
"lagdhnaf-1","Platelet"
"lagdmjin-1","Platelet"
"lajpeeaa-1","Erythroid"
"lapmknbg-1","MonoCD16"
"lbnflpdg-1","Platelet"
"lbngkoln-1","Platelet"
"lbniljcl-1","Platelet"
"lbnkfomb-1","Platelet"
"lbnkpeio-1","Erythroid"
"lbnlglci-1","Platelet"
"lbnljmhg-1","Platelet"
"lbpbgcli-1","Erythroid"
"lbpgaapc-1","Erythroid"
"lcaamamd-1","Erythroid"
"lcbadfci-1","Platelet"
"lcdmfmcp-1","Erythroid"
"lchfcdbd-1","Plasma_cell"
"lcplnbpf-1","Plasma_cell"
"lcppnnpd-1","pDC"
"ldanaaie-1","Erythroid"
"ldemghoa-1","Erythroid"
"ldfclccd-1","Erythroid"
"ldfjfcgn-1","Platelet"
"ldfjkope-1","Platelet"
"ldgcceom-1","Erythroid"
"ldkajpjl-1","Platelet"
"ldlebhho-1","Erythroid"
"legkkbca-1","Platelet"
"lejadmni-1","Erythroid"
"lejmilec-1","Erythroid"
"lejnhmja-1","pDC"
"leldjhhj-1","Erythroid"
"lelnaiek-1","Erythroid"
"lendgeah-1","B_progenitor"
"lepimpie-1","B_progenitor"
"lepkknlj-1","Erythroid"
"lfabodaj-1","Platelet"
"lfeicccl-1","B_memory"
"lfemgjjl-1","Platelet"
"lfemkbpm-1","Platelet"
"lffbmfjm-1","Erythroid"
"lfgdlmfl-1","pDC"
"lfgfboen-1","Platelet"
"lfhnanfo-1","B_progenitor"
"lgaokdgm-1","Platelet"
"lgenclnc-1","HSC"
"lgoooaon-1","Platelet"
"lhaccgbj-1","Platelet"
"lhdenjlc-1","Erythroid"
"lhgicpki-1","Platelet"
"lhglkbmk-1","Platelet"
"lhgllbhp-1","Platelet"
"lhgmomnk-1","HSC"
"lhhpgmoo-1","HSC"
"lhlcgjhe-1","Erythroid"
"lhlkdijn-1","Erythroid"
"lhobibgo-1","MonoCD14"
"lhogpmle-1","Erythroid"
"liblafcf-1","pDC"
"ligglhcl-1","Platelet"
"liggnpmn-1","Platelet"
"lijibfkf-1","Platelet"
"lileiobo-1","Erythroid"
"linebgpp-1","Platelet"
"linefmnm-1","Platelet"
"ljjjgalm-1","MonoCD14"
"ljkdbhnl-1","CD4_T_memory"
"ljmlilec-1","Erythroid"
"ljnnjban-1","Erythroid"
"lkaflcpn-1","HSC"
"lkagjinm-1","Erythroid"
"lkahfegi-1","Erythroid"
"lkenfhab-1","Platelet"
"lkenhlim-1","Erythroid"
"lkfapocm-1","T_prolifer"
"lkfglcgp-1","CD8_T_memory"
"lkgioccl-1","Erythroid"
"lkhgfglg-1","Platelet"
"lkhpdmgc-1","Erythroid"
"lkllohda-1","Erythroid"
"lklmknpn-1","Platelet"
"lkmicnmn-1","Erythroid"
"lkommbjn-1","Erythroid"
"llajeiop-1","Erythroid"
"llaooaea-1","Erythroid"
"llfimjhd-1","Granulocyte_monocyte_progenitor"
"llfjjpgg-1","Erythroid"
"llgeolcp-1","Plasma_cell"
"llgldblm-1","Platelet"
"llimaaca-1","Plasma_cell"
"llioobkc-1","Erythroid"
"lljjjlgh-1","Erythroid"
"lllnoamp-1","Plasma_cell"
"llmpoicd-1","pDC"
"lmacafha-1","pDC"
"lmcacpbn-1","Erythroid"
"lmcocfho-1","Erythroid"
"lmecdmpa-1","Erythroid"
"lmfneeoi-1","Erythroid"
"lmhndcoj-1","Erythroid"
"lmhpgehj-1","Erythroid"
"lmidljhh-1","MonoCD14"
"lmigkkhn-1","Erythroid"
"lmiklpnb-1","HSC"
"lmjannca-1","Erythroid"
"lmjgekbc-1","Erythroid"
"lmkacdjd-1","HSC"
"lmkaijob-1","MonoCD14"
"lmkddadi-1","Erythroid"
"lmkmfajg-1","Erythroid"
"lmlbemba-1","Plasma_cell"
"lmlkgmak-1","Granulocyte_monocyte_progenitor"
"lmlmbfip-1","Erythroid"
"lmloopef-1","Erythroid"
"lmmcfefg-1","Erythroid"
"lmmloeij-1","Erythroid"
"lmnmnddo-1","Plasma_cell"
"lmpbnocl-1","B_progenitor"
"lmphkijf-1","Plasma_cell"
"lmpjhbij-1","Erythroid"
"lmpjnako-1","Erythroid"
"lmpneekn-1","MonoCD14"
"lnaabneo-1","Erythroid"
"lnbibadl-1","Erythroid"
"lnbihpob-1","HSC"
"lnblednd-1","Erythroid"
"lnbnipnp-1","Erythroid"
"lnbonbhp-1","MonoCD14"
"lncedcca-1","Erythroid"
"lnclpech-1","Plasma_cell"
"lncnnphm-1","Erythroid"
"lncpmcdn-1","MonoCD14"
"lndifedb-1","Erythroid"
"lndmjgmi-1","MonoCD14"
"lndnhhpa-1","MonoCD14"
"lneemngl-1","Plasma_cell"
"lnfokaji-1","MonoCD14"
"lngcdcpm-1","Erythroid"
"lngldkbd-1","Granulocyte_monocyte_progenitor"
"lngllici-1","Granulocyte_monocyte_progenitor"
"lnheajcj-1","Erythroid"
"lniegbbi-1","Erythroid"
"lnjaojlc-1","Granulocyte_monocyte_progenitor"
"lnlpnjmc-1","MonoCD14"
"lnmclkln-1","Erythroid"
"lnmdclca-1","Erythroid"
"lnmffgjl-1","Plasma_cell"
"lnmibebi-1","Erythroid"
"lnminfnj-1","B_progenitor"
"lnmjebed-1","Granulocyte_monocyte_progenitor"
"lnmjkjed-1","Granulocyte_monocyte_progenitor"
"lnodnojg-1","Erythroid"
"lnolhcdb-1","Plasma_cell"
"lnopokch-1","MonoCD14"
"lnpidemh-1","Erythroid"
"lnplbkpn-1","MonoCD14"
"lnpoclcf-1","Erythroid"
"loaeabba-1","CD4_T_naive"
"loamphcn-1","Erythroid"
"loapfjip-1","HSC"
"lobejcnn-1","Granulocyte_monocyte_progenitor"
"lobfibki-1","pDC"
"lobhjhoo-1","NK_cell"
"lobjnmgn-1","Erythroid"
"loboiaad-1","Erythroid"
"loceddoa-1","Plasma_cell"
"lodfohfg-1","Erythroid"
"loeamocj-1","pDC"
"loeeflfa-1","Erythroid"
"loeoophh-1","Erythroid"
"loflbdnp-1","HSC"
"lojgimfb-1","Erythroid"
"lojjekli-1","HSC"
"lojkabmg-1","MonoCD14"
"lojkiofo-1","Erythroid"
"lojlccdf-1","MonoCD14"
"lokccgce-1","Plasma_cell"
"loldbdmm-1","Erythroid"
"lolinjan-1","CD4_T_memory"
"lomndmhh-1","Erythroid"
"londbenl-1","T_prolifer"
"londdaje-1","B_progenitor"
"looggkpc-1","Erythroid"
"loogjfnl-1","Erythroid"
"loonfcdn-1","Erythroid"
"lopeaekf-1","Granulocyte_monocyte_progenitor"
"lophlpak-1","T_prolifer"
"lopnhkih-1","HSC"
"lpagpapo-1","Erythroid"
"lpakohfd-1","Platelet"
"lpbpamnj-1","Erythroid"
"lpbpnddn-1","Granulocyte_monocyte_progenitor"
"lpclgamp-1","Platelet"
"lpclkldd-1","Erythroid"
"lpcpeppe-1","Erythroid"
"lpddafgk-1","Plasma_cell"
"lpiigdhc-1","Platelet"
"lpjnfkbj-1","MonoCD16"
"lpjpfnen-1","Platelet"
"lpkakmao-1","Erythroid"
"lpkhfigh-1","B_progenitor"
"lplldalj-1","MonoCD14"
"lplnlgid-1","MonoCD14"
"lpnenell-1","MonoCD14"
"lpnhhlgb-1","pDC"
"lpplmmhl-1","Platelet"
"lppoiicf-1","Platelet"
"maehdbgh-1","Erythroid"
"mahdcbhn-1","Erythroid"
"mahlebki-1","Erythroid"
"mahlkgni-1","Erythroid"
"maipcelj-1","Granulocyte_monocyte_progenitor"
"majbbmlf-1","Erythroid"
"majcjlkn-1","HSC"
"majcpeeg-1","Erythroid"
"majdmaha-1","MonoCD14"
"majfekcm-1","MonoCD14"
"makageda-1","Platelet"
"makgomip-1","Erythroid"
"makjnhep-1","Erythroid"
"maklppal-1","Erythroid"
"malfhamg-1","Erythroid"
"manompbj-1","Erythroid"
"maohkgmk-1","Erythroid"
"maojmhjd-1","Erythroid"
"mapndnkk-1","Erythroid"
"mapoemcg-1","Erythroid"
"mbaddmlh-1","Erythroid"
"mbafkfjk-1","Erythroid"
"mbahcece-1","Erythroid"
"mbaibcgn-1","Erythroid"
"mbbkgnel-1","Platelet"
"mbblankk-1","Erythroid"
"mbcledmm-1","NK_cell"
"mbdclooa-1","MonoCD14"
"mbdcopbo-1","pDC"
"mbdcpgjc-1","B_progenitor"
"mbddckbh-1","MonoCD14"
"mbdieloe-1","Erythroid"
"mbdkgmia-1","CD8_T_naive"
"mbdlajoa-1","MonoCD14"
"mbdmabnc-1","Granulocyte_monocyte_progenitor"
"mbdmjnid-1","pDC"
"mbdnleih-1","Granulocyte_monocyte_progenitor"
"mbdpgcff-1","NK_cell"
"mbeabbih-1","pDC"
"mbeimjil-1","pDC"
"mbejmhhn-1","Plasma_cell"
"mbejojni-1","MonoCD14"
"mbekpnhc-1","Plasma_cell"
"mbemmfgc-1","Platelet"
"mbfcligo-1","Erythroid"
"mbfjkoff-1","Platelet"
"mbfmghip-1","Erythroid"
"mbhcajnh-1","B_memory"
"mbhdffip-1","MonoCD14"
"mbibgkae-1","Erythroid"
"mbidifjn-1","Platelet"
"mbiedhmc-1","Plasma_cell"
"mbiedpfm-1","Plasma_cell"
"mbjcomng-1","Erythroid"
"mblfbagf-1","Erythroid"
"mbljebpj-1","HSC"
"mblkomoh-1","HSC"
"mbmbjoij-1","Platelet"
"mbmboomc-1","Platelet"
"mbmngbnp-1","Plasma_cell"
"mbmofbfl-1","Plasma_cell"
"mcaakhmg-1","pDC"
"mccfejbh-1","HSC"
"mcdmlfba-1","Erythroid"
"mcgbella-1","Plasma_cell"
"mcgeeeha-1","Platelet"
"mcghphia-1","Plasma_cell"
"mciciihd-1","Erythroid"
"mclngali-1","MonoCD14"
"mclocich-1","MonoCD14"
"mcmfghgg-1","HSC"
"mcmmanae-1","Erythroid"
"mdbpeide-1","HSC"
"mdcaeglb-1","HSC"
"mdcangop-1","Erythroid"
"mdjhcief-1","NK_cell"
"mdlgjnnd-1","Erythroid"
"mdopkekl-1","Granulocyte_monocyte_progenitor"
"mdpgkgbf-1","Erythroid"
"meajmime-1","Erythroid"
"mealjapo-1","Erythroid"
"mealnhob-1","Erythroid"
"meamjjho-1","Erythroid"
"meapkkeb-1","HSC"
"meaplgdd-1","Granulocyte_monocyte_progenitor"
"mebogieo-1","Erythroid"
"meccmhlo-1","Erythroid"
"melgleln-1","Platelet"
"mepmidmm-1","HSC"
"mfblhghe-1","Granulocyte_monocyte_progenitor"
"mfcldmaj-1","MonoCD16"
"mfdbnejk-1","HSC"
"mfecmjek-1","HSC"
"mfobeipn-1","Erythroid"
"mgakdbid-1","MonoCD16"
"mgcnpbjl-1","Erythroid"
"mgdffaad-1","Platelet"
"mgedhelh-1","HSC"
"mgfffmna-1","Erythroid"
"mgfhcdao-1","Granulocyte_monocyte_progenitor"
"mggdhlkc-1","Plasma_cell"
"mggnejgb-1","Erythroid"
"mggnhfgf-1","Erythroid"
"mghhlnfk-1","HSC"
"mhdhocdg-1","MonoCD14"
"mhehekmg-1","Erythroid"
"mhfmijap-1","Platelet"
"mhfogfam-1","HSC"
"mhfpgoeo-1","Platelet"
"mhfpmhdg-1","pDC"
"mhfppfhb-1","Platelet"
"mhgbepca-1","Platelet"
"mhgbokfg-1","Platelet"
"mhgcaodl-1","Platelet"
"mhgikkcj-1","Plasma_cell"
"mhgilhoh-1","Plasma_cell"
"mhinfdja-1","Erythroid"
"mhkhhdfg-1","pDC"
"mhlikllj-1","Erythroid"
"mhljpkbf-1","Erythroid"
"mhmhbpon-1","Plasma_cell"
"mhnbmmpi-1","MonoCD16"
"mhngnbfj-1","Erythroid"
"mhnhapdn-1","Erythroid"
"mhnjadjn-1","Platelet"
"mhnjceka-1","Granulocyte_monocyte_progenitor"
"mhnlnfaa-1","Platelet"
"mhnnjami-1","Platelet"
"mhoahogk-1","Platelet"
"mhocpeci-1","Erythroid"
"miadifbk-1","Erythroid"
"miaglflg-1","Erythroid"
"mialiaia-1","Erythroid"
"mibaahkg-1","CD8_T_memory"
"mibakfje-1","Erythroid"
"mibginid-1","MonoCD14"
"mibkbdid-1","MonoCD14"
"micadbll-1","Erythroid"
"micbnbkf-1","MonoCD14"
"micbpeji-1","pDC"
"micfapia-1","pDC"
"micgbggi-1","pDC"
"micjghad-1","pDC"
"mickpkeo-1","Erythroid"
"miclneoj-1","MonoCD14"
"micmhfkm-1","Platelet"
"micnnokh-1","Granulocyte_monocyte_progenitor"
"midlajgg-1","Erythroid"
"migfpeob-1","Plasma_cell"
"migkdcgn-1","Erythroid"
"mihegoeo-1","HSC"
"mihgeepd-1","Erythroid"
"mihildoc-1","Erythroid"
"mihiojgb-1","Erythroid"
"miidilpg-1","HSC"
"miigjjji-1","pDC"
"miigkbgc-1","Plasma_cell"
"miiicckk-1","MonoCD14"
"miinfddc-1","Plasma_cell"
"mijbfdbh-1","Plasma_cell"
"mijjhpdd-1","Granulocyte_monocyte_progenitor"
"mijlcfka-1","HSC"
"mikgmkkj-1","HSC"
"miknnffb-1","HSC"
"minhdbdn-1","MonoCD14"
"miobknmj-1","pDC"
"mipoglpj-1","Platelet"
"mjcplhoa-1","Erythroid"
"mjdmhddd-1","HSC"
"mjfecfob-1","Erythroid"
"mjfmhkne-1","Plasma_cell"
"mjgjpakd-1","HSC"
"mjhajgfi-1","MonoCD14"
"mjhdpagf-1","pDC"
"mjhhdeff-1","Erythroid"
"mjjaikfk-1","MonoCD14"
"mjlklkbk-1","Erythroid"
"mjmobjhk-1","Erythroid"
"mjnmldnj-1","Erythroid"
"mjpengnn-1","Erythroid"
"mkdjfepc-1","Erythroid"
"mkiadogf-1","Platelet"
"mkignjia-1","Platelet"
"mkihdphf-1","Platelet"
"mkjdlehn-1","Platelet"
"mkkbjpja-1","Platelet"
"mkmenjgd-1","Erythroid"
"mkmibmed-1","Erythroid"
"mkoaadab-1","MonoCD16"
"mlbaldjk-1","Erythroid"
"mlcfblca-1","HSC"
"mlcfflip-1","Erythroid"
"mlcfndci-1","Erythroid"
"mleeheim-1","Platelet"
"mleeiemn-1","Platelet"
"mlefpkde-1","Platelet"
"mlegcodd-1","Platelet"
"mleghpok-1","Platelet"
"mlgmmkim-1","B_memory"
"mlhccioc-1","Granulocyte_monocyte_progenitor"
"mliplhig-1","NK_cell"
"mllepbee-1","Erythroid"
"mlljigco-1","Platelet"
"mlljpjgk-1","Platelet"
"mllnnmad-1","Erythroid"
"mllojemp-1","Platelet"
"mllonbmc-1","Platelet"
"mlmndlmb-1","Granulocyte_monocyte_progenitor"
"mlmninee-1","Erythroid"
"mlnbfkcg-1","HSC"
"mlnibcnb-1","Erythroid"
"mlopbjfg-1","NK_cell"
"mmcmmhjn-1","Erythroid"
"mmfaagjl-1","Platelet"
"mmfbeknh-1","Platelet"
"mmfcmfak-1","Platelet"
"mmgmfkdb-1","HSC"
"mmhijnnn-1","Erythroid"
"mmjmooac-1","Erythroid"
"mmkmdbok-1","Platelet"
"mmkmifcj-1","Platelet"
"mmnlaldb-1","Plasma_cell"
"mnchoaok-1","Platelet"
"mngeomac-1","Erythroid"
"mngkeogf-1","Platelet"
"mnhmckbd-1","Platelet"
"mnhmghmj-1","Platelet"
"mnhnfpbe-1","Erythroid"
"mniaacoc-1","Erythroid"
"mnimcbkc-1","Erythroid"
"mninibni-1","Erythroid"
"mninjbkl-1","Erythroid"
"mnipfgdj-1","Erythroid"
"mnldphin-1","MonoCD16"
"mnmkokic-1","HSC"
"mnoaimnm-1","Erythroid"
"moahlcjn-1","Erythroid"
"moaiaibe-1","Erythroid"
"moajhoff-1","Erythroid"
"mobggken-1","Erythroid"
"mobllenn-1","Platelet"
"mobmddje-1","Platelet"
"mobobefe-1","Platelet"
"mocdgkbn-1","Erythroid"
"modabfii-1","HSC"
"moemhomg-1","HSC"
"mohjppoo-1","Platelet"
"mojkbpje-1","HSC"
"mokaeiid-1","HSC"
"mpebcflc-1","Erythroid"
"mpjgbflj-1","HSC"
"mpnkajmc-1","Erythroid"
"mpnpnkcp-1","Erythroid"
"mpnpoieg-1","Platelet"
"mpphlkdc-1","Erythroid"
"nabaofnd-1","NK_cell"
"naifplpj-1","Erythroid"
"najhkjfb-1","Platelet"
"nakalemf-1","Erythroid"
"nakmippn-1","MonoCD14"
"naldkemo-1","Erythroid"
"nameecim-1","B_progenitor"
"nanmghpi-1","Platelet"
"nanmomin-1","Platelet"
"nannaiao-1","Platelet"
"naodnphl-1","Platelet"
"naoeanfp-1","Platelet"
"nbapccni-1","Platelet"
"nbbmpcfn-1","Platelet"
"nbcckmhf-1","Erythroid"
"nbcmjdeb-1","Erythroid"
"nbcmkemk-1","Erythroid"
"nbdbehcj-1","Platelet"
"nbdbohjl-1","Platelet"
"nbdfghjd-1","B_progenitor"
"nbdhbifl-1","Platelet"
"nbdkdolc-1","B_memory"
"nbdnkpfm-1","Erythroid"
"nbefekjk-1","Erythroid"
"nbeimpfj-1","MonoCD14"
"nbejopmo-1","Platelet"
"nbekfphd-1","Erythroid"
"nbfcecnh-1","Platelet"
"nbfdfakk-1","Platelet"
"nbghcndo-1","MonoCD14"
"nbgjihim-1","Plasma_cell"
"nbgkbbhp-1","Erythroid"
"nbgkglno-1","Plasma_cell"
"nbgkkial-1","Erythroid"
"nbgleege-1","Erythroid"
"nbgmbmla-1","pDC"
"nbgogmhf-1","MonoCD14"
"nbhecanb-1","Plasma_cell"
"nbhfhben-1","MonoCD14"
"nbhgipgi-1","MonoCD16"
"nbiejlab-1","Erythroid"
"nbioheoi-1","Erythroid"
"nbjkdkmd-1","Platelet"
"nbkicopl-1","Plasma_cell"
"nbknfioj-1","Platelet"
"ncbdojea-1","Platelet"
"ncbgpdga-1","MonoCD16"
"nccgbjej-1","Platelet"
"nccibedo-1","Platelet"
"ncebigah-1","MonoCD14"
"nchkalii-1","Platelet"
"nchklgjl-1","Platelet"
"nchmgdbc-1","Platelet"
"ncjgmemj-1","Platelet"
"nckdngan-1","NK_cell"
"ncldpomo-1","Platelet"
"ncmgicih-1","Erythroid"
"ncnkhail-1","Erythroid"
"ndjnbclo-1","Plasma_cell"
"ndlafdgn-1","Erythroid"
"ndnijamk-1","Erythroid"
"ndplgola-1","Erythroid"
"nebmpmai-1","Platelet"
"negjlcap-1","Platelet"
"negkfehd-1","Platelet"
"nenaodme-1","B_progenitor"
"nenlcgpi-1","Platelet"
"ngganped-1","Erythroid"
"ngkaglhm-1","Erythroid"
"nglbhjjk-1","pDC"
"nhacdhja-1","Erythroid"
"nhhiodja-1","Platelet"
"nhhioplo-1","Platelet"
"nhlfpajg-1","Erythroid"
"niahcjhc-1","Platelet"
"nialkhap-1","Platelet"
"nicepklp-1","Erythroid"
"niggiigm-1","Erythroid"
"niiccdaf-1","Erythroid"
"niicfbhe-1","Erythroid"
"niidphkk-1","Erythroid"
"njkmocnc-1","CD4_T_naive"
"njknalgp-1","Platelet"
"njknjkij-1","Platelet"
"njkopjcp-1","Platelet"
"njmpchmo-1","Platelet"
"njocapph-1","Platelet"
"njodfpjg-1","Platelet"
"njodpagh-1","Platelet"
"nkanoddn-1","Platelet"
"nkbfibpb-1","Erythroid"
"nkgdpkgg-1","Platelet"
"nkgjclbf-1","Erythroid"
"nkgjdhlm-1","HSC"
"nkhefiag-1","Erythroid"
"nkhefmdf-1","Platelet"
"nkhncjbf-1","Erythroid"
"nkjkfgkg-1","Platelet"
"nkjkgpid-1","Platelet"
"nkjleing-1","Platelet"
"nkldodhk-1","Platelet"
"nklpmmbm-1","Plasma_cell"
"nkmabfcc-1","Erythroid"
"nkmcbfll-1","HSC"
"nldfeelc-1","pDC"
"nlgecabf-1","B_progenitor"
"nlnbmoak-1","Platelet"
"nmckfobo-1","MonoCD14"
"nmckijkj-1","NK_cell"
"nmgpkloa-1","MonoCD14"
"nmiickpe-1","B_progenitor"
"nmjaagkh-1","Platelet"
"nmmdloim-1","Erythroid"
"nmmhiolj-1","Erythroid"
"nmnjajbm-1","MonoCD14"
"nmnkpbea-1","pDC"
"nmofhbfa-1","Platelet"
"nmooehbo-1","Platelet"
"nmpefgpa-1","Granulocyte_monocyte_progenitor"
"nnbimdgi-1","Erythroid"
"nnbkpdej-1","Erythroid"
"nnccbbcb-1","Erythroid"
"nnccbehi-1","Erythroid"
"nndjniba-1","Erythroid"
"nndmhpoa-1","Erythroid"
"nnekmcog-1","Erythroid"
"nnfmofed-1","Erythroid"
"nngniidn-1","Platelet"
"nnhnkmpe-1","Platelet"
"nnjfdhdc-1","Plasma_cell"
"nnlbbimo-1","Platelet"
"nnlklfol-1","Platelet"
"nnmnfokd-1","Plasma_cell"
"nnnpnane-1","Platelet"
"nnoegile-1","Platelet"
"nnoenjdg-1","Platelet"
"nocnlmpd-1","Erythroid"
"noeojfbf-1","CD8_T_memory"
"nogcdlce-1","Platelet"
"nojmmgfd-1","Erythroid"
"noknmeba-1","Platelet"
"nonmjgbp-1","Erythroid"
"noolljdk-1","Erythroid"
"nooomjpm-1","B_progenitor"
"npcalobi-1","MonoCD14"
"npcbiean-1","pDC"
"npcbjckc-1","Erythroid"
"npgmgjfb-1","HSC"
"npigjchm-1","Erythroid"
"npnckmal-1","Platelet"
"npnckpjf-1","Platelet"
"npndijfh-1","Platelet"
"oaaldgkg-1","Platelet"
"oadgmbmf-1","CTL"
"oahieele-1","Erythroid"
"oahngkkm-1","Erythroid"
"oahociic-1","Erythroid"
"oakgddbf-1","Erythroid"
"oaniempa-1","Platelet"
"oclpjpef-1","Platelet"
"ogcjofcp-1","Erythroid"
"ogedmdeg-1","Erythroid"
"ogieimfh-1","Erythroid"
"ogmgdbgg-1","pDC"
"ohfflafo-1","Erythroid"
"ohmdagmm-1","Erythroid"
"ohobddll-1","MonoCD14"
